Time_On_FB,Age,Area_Income,Daily_Internet_Usage,Fashion_FB_Group,Male,Country,Timestamp,clickNumeric,click
54.6,35,61833.9,216.78,Yes,Female,Tunisia,3/27/2016 0:53,0,NO_CLICK
44.6,31,68441.85,249.78,Yes,User_Identified,Nauru,4/4/2016 1:39,0,NO_CLICK
69.47,26,59785.94,236.5,Yes,Female,San Marino,3/13/2016 20:35,0,NO_CLICK
44.6,29,54806.18,191.78,Yes,Male,Italy,1/10/2016 2:31,0,NO_CLICK
56.6,53,73889.99,225.58,Yes,Female,Iceland,6/3/2016 3:36,0,NO_CLICK
59.99,55,59761.56,226.74,Yes,Male,Norway,5/19/2016 14:30,0,NO_CLICK
64.6,24,53852.85,122.78,Yes,Female,Myanmar,1/28/2016 20:59,0,NO_CLICK
87.6,48,24593.33,166.78,Yes,Male,Australia,3/7/2016 1:40,0,NO_CLICK
60.6,30,68862,181.78,Yes,Male,Grenada,4/18/2016 9:33,0,NO_CLICK
69.88,21,55642.32,183.82,Yes,Male,Ghana,7/11/2016 1:42,0,NO_CLICK
47.64,36,45632.51,171.78,Yes,Female,Qatar,3/16/2016 20:19,1,CLICK
87.6,37,62491.01,159.78,Yes,Male,Burundi,5/8/2016 8:10,0,NO_CLICK
39.6,48,51636.92,247.78,Yes,Male,Egypt,6/3/2016 1:14,1,CLICK
40.6,51,51739.63,214.23,Yes,Female,Bosnia and Herzegovina,4/20/2016 21:49,0,NO_CLICK
46.6,33,30976,181.78,Yes,Female,Barbados,3/24/2016 9:31,0,NO_CLICK
37.6,23,52182.23,170.78,Yes,Male,Spain,3/9/2016 3:41,1,CLICK
55.39,45,23936.86,129.41,Yes,Female,Palestinian Territory,1/30/2016 19:20,1,CLICK
82.03,41,71511.08,212.78,Yes,Female,Afghanistan,5/2/2016 7:00,0,NO_CLICK
48.6,36,31087.54,118.39,Yes,Male,British Indian Ocean Territory (Chagos Archipelago),2/13/2016 7:53,1,CLICK
74.58,44,23821.72,238.78,Yes,Male,Russian Federation,2/27/2016 4:43,1,CLICK
77.22,45,64802.33,195.78,Yes,Male,Cameroon,1/5/2016 7:52,0,NO_CLICK
84.59,27,60015.57,260.78,Yes,Male,Cameroon,3/18/2016 13:22,0,NO_CLICK
60.6,52,32635.7,164.83,Yes,Female,Burundi,5/20/2016 8:49,1,CLICK
87.29,36,61628.72,130.78,Yes,User_Identified,Korea,3/23/2016 9:43,0,NO_CLICK
48.6,41,68962.32,167.22,Yes,Female,Tokelau,6/13/2016 17:27,1,CLICK
33.6,28,64828,192.78,Yes,Male,Monaco,5/27/2016 15:25,0,NO_CLICK
48.53,31,38067.08,117.78,Yes,Male,Tuvalu,2/8/2016 10:46,1,CLICK
51.95,52,58295.82,113.78,Yes,User_Identified,Greece,7/19/2016 8:32,1,CLICK
70.2,34,32708.94,119.2,Yes,Female,British Virgin Islands,4/14/2016 5:08,1,CLICK
76.02,22,46179.97,130.78,Yes,Female,Bouvet Island (Bouvetoya),1/27/2016 12:38,0,NO_CLICK
67.64,35,51473.28,230.78,Yes,Male,Peru,7/2/2016 20:23,0,NO_CLICK
86.41,28,45593.93,207.48,Yes,Male,Aruba,3/1/2016 22:13,0,NO_CLICK
43.6,57,25583.29,238.78,Yes,Male,Maldives,7/15/2016 5:05,1,CLICK
55.6,55,30227.98,153.78,Yes,Female,Senegal,1/14/2016 14:00,1,CLICK
37.6,41,45580.92,165.78,Yes,Male,Dominica,3/15/2016 3:12,1,CLICK
64.6,36,61389.5,224.78,Yes,Female,Luxembourg,4/12/2016 3:26,0,NO_CLICK
51.6,53,56770.79,205.78,Yes,Male,Montenegro,4/7/2016 15:18,1,CLICK
41.6,29,76435.3,143.78,Yes,Female,Ukraine,2/9/2016 5:28,0,NO_CLICK
53.6,23,57425.87,119.32,Yes,Male,Saint Helena,5/7/2016 17:11,0,NO_CLICK
51.6,39,27508.41,231.78,Yes,Female,Liberia,3/11/2016 6:49,1,CLICK
55.6,29,57691.95,202.61,Yes,Female,Russian Federation,4/27/2016 9:27,0,NO_CLICK
37.6,30,59784.18,252.36,Yes,Female,Tunisia,4/16/2016 11:53,0,NO_CLICK
56.6,32,66572.39,198.11,Yes,Male,Turkmenistan,5/8/2016 15:38,0,NO_CLICK
81.38,23,64929.61,212.3,Yes,Female,Saint Helena,2/8/2016 0:23,0,NO_CLICK
79.6,25,57519.64,150.78,Yes,Female,Niger,2/11/2016 13:26,0,NO_CLICK
41.6,52,53575.48,152.78,Yes,Male,Turkmenistan,2/17/2016 13:16,1,CLICK
79.6,20,50983.75,202.25,Yes,Male,Qatar,2/26/2016 22:46,0,NO_CLICK
53.6,33,67058.72,170.78,Yes,Female,Sri Lanka,6/8/2016 18:54,0,NO_CLICK
35.6,29,52723.34,123.72,Yes,Male,Trinidad and Tobago,1/8/2016 9:32,1,CLICK
55.6,46,54286.1,122.78,Yes,Female,Italy,4/25/2016 11:01,1,CLICK
73.18,23,61526.25,125.78,Yes,Male,British Virgin Islands,4/4/2016 7:07,0,NO_CLICK
70.6,28,58526.04,253.78,Yes,Female,United Kingdom,5/3/2016 21:19,0,NO_CLICK
50.6,45,53350.11,193.58,Yes,Male,Guinea-Bissau,1/17/2016 9:31,1,CLICK
54.6,50,62657.53,133.2,Yes,Male,Micronesia,3/2/2016 4:57,1,CLICK
62.31,47,62722.57,119.3,Yes,Female,Turkey,2/14/2016 7:36,1,CLICK
71.6,44,67479.62,177.55,Yes,Female,Croatia,4/7/2016 3:56,0,NO_CLICK
70.6,36,75254.88,182.78,Yes,Female,Israel,2/17/2016 11:42,1,CLICK
40.6,49,52336.64,252.78,Yes,Female,Svalbard & Jan Mayen Islands,4/10/2016 0:13,1,CLICK
61.6,29,56113.37,239.22,Yes,Female,Azerbaijan,2/14/2016 17:05,0,NO_CLICK
87.6,41,24852.9,183.78,Yes,User_Identified,Iran,5/26/2016 22:49,1,CLICK
90.6,26,47708.42,138.78,Yes,User_Identified,Burundi,4/30/2016 8:07,0,NO_CLICK
32.6,34,64654.66,174.78,Yes,Male,Saint Vincent and the Grenadines,6/15/2016 5:30,0,NO_CLICK
56.6,21,71228.44,169.5,Yes,Female,Burundi,3/9/2016 14:45,1,CLICK
58.6,32,61601.05,178.92,Yes,Male,Bulgaria,3/31/2016 20:55,0,NO_CLICK
57.6,45,66281.46,141.22,Yes,User_Identified,Christmas Island,6/3/2016 0:55,1,CLICK
39.6,29,73910.9,193.78,Yes,Male,Canada,3/10/2016 23:36,0,NO_CLICK
35.6,40,51317.33,212.78,Yes,User_Identified,Rwanda,1/8/2016 0:17,1,CLICK
56.6,31,51510.18,222.78,Yes,Female,Turks and Caicos Islands,6/5/2016 22:11,1,CLICK
69.6,25,61005.87,180.78,Yes,Male,Tunisia,1/16/2016 11:35,0,NO_CLICK
82.6,34,32536.98,134.78,Yes,Female,Norfolk Island,4/22/2016 20:10,1,CLICK
46.13,25,60248.97,223.78,Yes,Female,Bouvet Island (Bouvetoya),2/1/2016 9:00,1,CLICK
35.6,46,74543.81,222.63,Yes,Female,Turks and Caicos Islands,7/7/2016 13:37,0,NO_CLICK
55.35,39,75509.61,153.17,Yes,Male,Cook Islands,3/8/2016 0:37,1,CLICK
32.6,30,42650.32,167.07,Yes,Male,Turkey,5/10/2016 17:39,0,NO_CLICK
38.46,29,58183.04,114.78,Yes,User_Identified,Guatemala,4/6/2016 11:24,1,CLICK
43.6,22,60465.72,135.78,Yes,Female,Cote d'Ivoire,4/1/2016 16:21,0,NO_CLICK
87.6,57,57009.76,165.78,Yes,Male,Faroe Islands,1/5/2016 4:18,1,CLICK
79.6,27,54541.56,238.99,Yes,Male,Qatar,5/20/2016 21:31,1,CLICK
81.6,38,32689.04,113.53,Yes,User_Identified,Ireland,2/3/2016 7:59,1,CLICK
69.6,39,55605.92,111.71,Yes,Female,Ukraine,2/17/2016 21:55,1,CLICK
78.11,27,63296.87,209.25,Yes,Male,Moldova,1/30/2016 16:10,1,CLICK
46.6,28,65653.47,122.78,Yes,Male,Nicaragua,5/15/2016 14:41,0,NO_CLICK
56.64,53,61652.53,115.91,Yes,Female,Montserrat,1/5/2016 17:56,1,CLICK
69.6,51,30726.26,188.78,Yes,Female,Timor-Leste,4/19/2016 7:34,1,CLICK
43.6,20,74535.94,222.78,Yes,User_Identified,Bouvet Island (Bouvetoya),3/15/2016 15:49,0,NO_CLICK
62.6,41,47861.93,181.78,Yes,Female,Puerto Rico,6/12/2016 15:25,1,CLICK
78.6,36,73600.28,200.55,Yes,Female,Central African Republic,7/1/2016 4:41,0,NO_CLICK
46.6,34,58543.94,118.6,Yes,Male,Venezuela,5/8/2016 12:12,1,CLICK
57.7,34,42696.67,145.78,Yes,Female,Australia,3/14/2016 23:13,1,CLICK
47.6,37,37334.78,178.78,Yes,Male,Wallis and Futuna,5/25/2016 0:19,1,CLICK
69.9,43,71392.53,253.78,Yes,User_Identified,Jersey,5/13/2016 11:51,1,CLICK
55.79,46,59550.05,166.78,Yes,Female,Puerto Rico,2/20/2016 20:47,1,CLICK
70.03,26,64264.25,227.72,Yes,Male,Samoa,5/22/2016 20:49,0,NO_CLICK
84.6,40,64147.86,176.78,Yes,Male,Greece,4/10/2016 2:02,1,CLICK
43.67,24,25686.34,229.78,Yes,Male,Antarctica (the territory South of 60 deg S),2/28/2016 6:41,1,CLICK
72.84,26,52968.22,191.78,Yes,Female,Albania,7/8/2016 21:18,0,NO_CLICK
72.6,36,22473.08,251.78,Yes,Male,Hong Kong,4/19/2016 15:14,1,CLICK
39.94,41,64927.19,240.78,Yes,Female,Lithuania,1/8/2016 22:47,1,CLICK
59.6,20,51868.85,134.78,Yes,Female,Egypt,3/28/2016 8:46,1,CLICK
59.6,34,69456.83,203.78,Yes,Male,Bangladesh,7/2/2016 14:57,0,NO_CLICK
73.6,53,31947.65,155.78,Yes,Female,Western Sahara,7/3/2016 9:22,0,NO_CLICK
61.6,23,51864.77,187.78,Yes,Male,Serbia,6/1/2016 9:27,0,NO_CLICK
64.6,40,59593.56,105.78,Yes,Female,Maldives,7/9/2016 14:55,1,CLICK
81.6,38,48376.14,190.78,Yes,Male,Czech Republic,2/9/2016 22:04,0,NO_CLICK
66.6,20,56884.74,106.78,Yes,Female,Guernsey,6/10/2016 11:31,0,NO_CLICK
80.49,40,67186.54,163.78,Yes,Male,Tanzania,2/14/2016 3:50,0,NO_CLICK
81.6,25,46557.92,162.78,Yes,Male,Bhutan,7/5/2016 17:17,0,NO_CLICK
63.6,42,66541.05,150.99,Yes,Female,Christmas Island,4/28/2016 5:50,1,CLICK
47.53,30,33258.09,204.78,Yes,Female,Guinea,4/3/2016 5:10,1,CLICK
74.02,32,72272.9,196.78,Yes,Female,Micronesia,3/9/2016 14:57,0,NO_CLICK
58.6,60,60333.38,200.78,Yes,Female,Madagascar,1/16/2016 23:37,1,CLICK
63.6,23,65229.13,235.78,Yes,Male,Lebanon,7/3/2016 4:33,1,CLICK
46.6,22,56067.38,182.78,Yes,Female,Eritrea,3/14/2016 6:46,0,NO_CLICK
55.6,46,37838.72,123.64,Yes,Male,Guyana,1/9/2016 5:44,1,CLICK
69,32,72683.35,197.78,Yes,Male,Trinidad and Tobago,2/11/2016 4:37,0,NO_CLICK
82.6,31,56729.78,175.78,Yes,Male,Jersey,6/22/2016 7:33,0,NO_CLICK
86.6,55,66815.54,162.95,Yes,Female,United Arab Emirates,7/13/2016 16:12,1,CLICK
58.6,42,60223.52,177.78,Yes,Male,Martinique,7/23/2016 11:46,1,CLICK
67.6,29,29727.79,207.18,Yes,Female,Somalia,7/13/2016 4:10,1,CLICK
54.6,33,49269.98,268.78,Yes,User_Identified,Bhutan,6/11/2016 18:32,1,CLICK
86.6,31,57669.41,201.78,Yes,Male,Greece,5/8/2016 12:51,0,NO_CLICK
55.6,45,56791.75,109.78,Yes,Female,Benin,4/7/2016 16:02,0,NO_CLICK
46.6,37,63274.88,212.79,Yes,Female,Papua New Guinea,2/4/2016 13:30,0,NO_CLICK
34.6,36,35466.8,146.78,Yes,Female,Uzbekistan,2/26/2016 19:48,1,CLICK
87.6,43,68787.09,241.78,Yes,Female,South Africa,6/21/2016 13:15,1,CLICK
57.6,40,61227.59,230.93,Yes,Female,Egypt,5/17/2016 4:27,0,NO_CLICK
80.31,40,56366.88,147.78,Yes,User_Identified,Hungary,4/18/2016 15:54,1,CLICK
82.6,45,57868.44,199.78,Yes,Female,Falkland Islands (Malvinas),4/3/2016 10:07,0,NO_CLICK
57.6,30,66618.21,195.78,Yes,Female,Dominica,4/4/2016 21:30,0,NO_CLICK
67.36,37,73104.47,233.56,Yes,Female,Jersey,7/6/2016 16:00,0,NO_CLICK
83.6,40,21644.91,107.78,Yes,Female,Lithuania,5/4/2016 9:00,1,CLICK
41.67,46,53817.02,132.55,Yes,Female,Saint Martin,6/13/2016 18:50,1,CLICK
72.6,36,76368.31,153.78,Yes,Female,Cuba,1/3/2016 16:01,1,CLICK
59.6,29,67633.44,215.44,Yes,Female,United States Minor Outlying Islands,1/14/2016 0:23,0,NO_CLICK
68.6,47,50335.46,218.78,Yes,User_Identified,Belize,1/12/2016 10:07,1,CLICK
32.6,39,17709.98,222.78,Yes,Male,Belize,4/16/2016 12:09,1,CLICK
38.37,36,41229.16,140.46,Yes,Female,Antarctica (the territory South of 60 deg S),5/13/2016 6:09,1,CLICK
38.52,38,42581.23,178.78,Yes,Male,Saint Vincent and the Grenadines,3/27/2016 23:59,1,CLICK
71.6,54,61617.98,134.78,Yes,Male,Kuwait,2/3/2016 23:47,0,NO_CLICK
43.6,38,70575.6,262.78,Yes,Male,Thailand,4/18/2016 11:23,0,NO_CLICK
83.6,34,64122.36,104.78,Yes,Female,Gibraltar,2/5/2016 19:06,0,NO_CLICK
75.6,30,52097.32,140.78,Yes,Male,Holy See (Vatican City State),3/21/2016 18:46,0,NO_CLICK
33.6,44,65953.76,136.78,Yes,Male,Korea,6/14/2016 11:59,1,CLICK
89.6,53,60192.72,121.78,Yes,Male,Saint Helena,2/6/2016 23:08,0,NO_CLICK
69.08,43,77460.07,133.78,Yes,Female,Turks and Caicos Islands,3/12/2016 1:39,0,NO_CLICK
58.6,44,45716.48,192.78,Yes,Male,Czech Republic,1/26/2016 3:56,1,CLICK
57.6,35,65120.86,223.78,Yes,Male,Netherlands,2/7/2016 8:02,1,CLICK
75.6,41,49995.63,108.16,Yes,Male,Belarus,5/5/2016 7:58,0,NO_CLICK
60.6,19,71718.51,152.24,Yes,Female,Dominica,6/29/2016 2:43,1,CLICK
88.6,57,61770.34,150.29,Yes,Female,South Africa,4/10/2016 19:48,1,CLICK
44.6,25,69112.84,170.78,Yes,Male,New Zealand,2/10/2016 6:37,0,NO_CLICK
78.54,35,72524.86,172.1,Yes,Female,Togo,5/28/2016 20:41,1,CLICK
46.6,48,36782.38,175.78,Yes,Male,Kenya,3/24/2016 6:36,1,CLICK
65.4,26,66699.12,129.78,Yes,Female,Palau,2/12/2016 22:51,0,NO_CLICK
83.6,22,64287.78,256.78,Yes,Male,Timor-Leste,6/10/2016 10:11,0,NO_CLICK
88.6,38,56637.59,184.78,Yes,Male,Cambodia,3/31/2016 10:44,0,NO_CLICK
72.6,36,55787.58,122.78,Yes,Female,Belize,2/14/2016 6:51,1,CLICK
42.6,28,61142.33,202.18,Yes,Male,Cuba,1/7/2016 19:16,1,CLICK
89.6,48,61625.87,247.78,Yes,Male,Costa Rica,2/4/2016 2:13,0,NO_CLICK
51.6,26,73234.87,211.78,Yes,Female,Liechtenstein,5/9/2016 2:58,1,CLICK
76.32,35,74166.24,258.78,Yes,User_Identified,Korea,6/23/2016 0:16,0,NO_CLICK
70.6,34,62669.59,262.78,Yes,Male,Ukraine,6/20/2016 9:35,0,NO_CLICK
72.01,31,57756.89,251,Yes,Female,Angola,2/29/2016 12:31,0,NO_CLICK
76.6,51,58019.64,237.78,Yes,Female,Nauru,1/17/2016 15:10,0,NO_CLICK
47.6,50,50960.08,188.78,Yes,Female,Equatorial Guinea,1/29/2016 3:54,1,CLICK
84.6,32,48246.6,194.83,Yes,Female,Mongolia,7/14/2016 12:07,1,CLICK
66.18,55,28271.84,119.78,Yes,Female,Svalbard & Jan Mayen Islands,1/10/2016 23:14,1,CLICK
88.6,50,53767.12,149.78,Yes,Male,Timor-Leste,4/28/2016 18:34,0,NO_CLICK
69.6,42,43662.1,176.78,Yes,Male,Brazil,7/6/2016 18:36,1,CLICK
45.6,34,62238.58,170.78,Yes,Female,Chad,5/27/2016 6:19,0,NO_CLICK
68.6,52,49030.03,238.78,Yes,Male,Portugal,1/25/2016 7:39,1,CLICK
37.6,58,76003.47,129.78,Yes,User_Identified,Malawi,5/8/2016 22:47,0,NO_CLICK
61.6,52,68094.85,147.78,Yes,Female,Qatar,3/19/2016 14:23,0,NO_CLICK
74.41,26,64395.85,163.05,Yes,Female,Singapore,7/23/2016 4:37,0,NO_CLICK
40.6,57,70053.27,137.78,Yes,User_Identified,Guinea,6/23/2016 1:22,1,CLICK
71.74,35,72423.97,257.78,Yes,Female,Kazakhstan,7/19/2016 18:06,0,NO_CLICK
60.72,44,42995.8,105.69,Yes,Female,Kuwait,2/28/2016 18:52,1,CLICK
44.6,22,60309.58,199.43,Yes,Female,Rwanda,2/10/2016 6:52,0,NO_CLICK
72.6,31,38349.78,209.78,Yes,Male,China,3/27/2016 9:11,1,CLICK
75.6,34,63115.34,205.78,Yes,Female,Bouvet Island (Bouvetoya),5/23/2016 2:15,0,NO_CLICK
46.6,38,31343.39,145.96,Yes,User_Identified,Vietnam,1/3/2016 3:22,1,CLICK
84.53,27,40763.13,168.34,Yes,Female,Guatemala,1/4/2016 21:48,1,CLICK
83.6,60,36752.24,183.78,Yes,Female,Peru,5/24/2016 13:30,1,CLICK
83.6,41,65044.59,222.78,Yes,User_Identified,Mayotte,2/1/2016 19:42,0,NO_CLICK
85.56,27,53673.08,246.78,Yes,Female,Samoa,6/5/2016 13:16,0,NO_CLICK
38.6,54,43444.86,179.78,Yes,Female,Singapore,2/4/2016 8:53,1,CLICK
46.31,58,44248.52,167.78,Yes,Male,Jamaica,3/24/2016 13:37,1,CLICK
77.95,31,62572.88,233.65,Yes,Male,Bahamas,6/2/2016 21:02,0,NO_CLICK
87.6,44,39840.55,266.78,Yes,Female,Canada,2/21/2016 7:42,0,NO_CLICK
73.6,36,32593.59,165.78,Yes,Female,Algeria,6/26/2016 17:16,1,CLICK
79.6,30,41629.86,123.91,Yes,User_Identified,Fiji,1/3/2016 5:34,1,CLICK
60.23,35,43313.73,257.78,Yes,Female,Kenya,3/8/2016 18:00,1,CLICK
60.7,49,42993.48,246.78,Yes,Male,Argentina,6/19/2016 3:19,1,CLICK
68.6,53,46004.31,143.79,Yes,Male,Bouvet Island (Bouvetoya),7/21/2016 21:16,1,CLICK
89.6,33,49325.48,144.78,Yes,User_Identified,Philippines,2/12/2016 20:36,0,NO_CLICK
69.6,32,51633.34,116.53,Yes,Female,Senegal,5/17/2016 6:14,1,CLICK
44.78,45,63363.04,222.78,Yes,User_Identified,Suriname,7/9/2016 11:04,1,CLICK
78.57,36,64045.93,239.32,Yes,User_Identified,Liberia,3/27/2016 2:35,0,NO_CLICK
59.6,53,73049.3,136.78,Yes,Male,Guam,1/16/2016 8:01,0,NO_CLICK
60.6,27,66624.6,160.78,Yes,Female,United Arab Emirates,1/21/2016 23:48,0,NO_CLICK
90.6,40,77567.85,214.42,Yes,Female,Antigua and Barbuda,6/5/2016 0:29,0,NO_CLICK
80.6,29,53431.35,126.78,Yes,Male,Argentina,2/13/2016 15:37,0,NO_CLICK
81.6,40,31265.75,243.78,Yes,Male,Georgia,5/10/2016 7:22,1,CLICK
49.6,24,74780.74,184.78,Yes,Male,Jordan,3/27/2016 3:59,0,NO_CLICK
42.6,29,70410.11,145.78,Yes,Female,Saudi Arabia,5/24/2016 18:35,0,NO_CLICK
82.6,23,37345.24,121.78,Yes,Female,South Africa,2/11/2016 2:40,1,CLICK
36.6,24,66107.84,212.67,Yes,Female,Croatia,4/22/2016 8:31,0,NO_CLICK
87.6,30,62336.39,187.36,Yes,Male,Fiji,1/13/2016 2:58,0,NO_CLICK
47.6,58,39132.64,110.78,Yes,Female,Australia,6/16/2016 2:01,1,CLICK
40.15,31,38745.29,267.78,Yes,Male,Sao Tome and Principe,6/27/2016 18:37,1,CLICK
76.81,28,65172.22,194.78,Yes,Male,Fiji,7/3/2016 12:57,0,NO_CLICK
79.6,47,68519.96,163.38,Yes,Female,Cyprus,2/3/2016 4:21,1,CLICK
46.6,53,54774.77,172.78,Yes,Male,Kyrgyz Republic,5/29/2016 21:17,0,NO_CLICK
83.6,43,76246.96,155.8,Yes,Male,Pakistan,4/3/2016 21:13,1,CLICK
81.98,55,65461.92,229.22,Yes,Female,Seychelles,4/15/2016 11:51,0,NO_CLICK
63.6,23,34127.21,151.95,Yes,Female,Samoa,6/21/2016 3:14,0,NO_CLICK
61.57,53,35253.98,125.94,Yes,Male,Bulgaria,3/14/2016 14:13,1,CLICK
32.6,36,44893.71,111.94,Yes,Female,Mauritania,5/6/2016 21:07,0,NO_CLICK
58.6,60,59621.02,226.78,Yes,Female,Czech Republic,6/12/2016 17:52,1,CLICK
43.6,38,20856.54,256.78,Yes,User_Identified,Chile,1/11/2016 7:36,1,CLICK
81.6,36,55353.41,254.57,Yes,Female,Poland,7/2/2016 0:24,0,NO_CLICK
86.6,25,67516.07,234.78,Yes,User_Identified,Estonia,3/4/2016 10:13,0,NO_CLICK
49.95,39,68737.75,136.59,Yes,Female,Turkmenistan,3/24/2016 9:12,1,CLICK
60.94,44,76893.84,219.78,Yes,Female,Latvia,2/14/2016 7:30,1,CLICK
35.6,42,59886.58,122.78,Yes,Female,Fiji,4/25/2016 7:30,0,NO_CLICK
58.6,22,53441.69,145.78,Yes,Female,Turkey,2/10/2016 19:20,1,CLICK
33.6,38,41356.31,184.78,Yes,Female,Kazakhstan,4/23/2016 14:34,0,NO_CLICK
67.6,38,49942.66,246.78,Yes,Female,Bahrain,6/18/2016 17:56,0,NO_CLICK
70.68,31,74430.08,151.78,Yes,Female,Colombia,7/17/2016 1:58,0,NO_CLICK
41.6,43,58633.63,183.78,Yes,Female,Brunei Darussalam,4/27/2016 4:28,0,NO_CLICK
33.6,33,72707.87,228.03,Yes,Male,Taiwan,4/21/2016 20:29,0,NO_CLICK
46.77,32,31092.93,136.4,Yes,Male,Serbia,3/23/2016 6:00,1,CLICK
62.42,38,74445.18,186.78,Yes,Female,Saint Pierre and Miquelon,7/19/2016 7:59,1,CLICK
78.32,53,49309.14,201.78,Yes,Female,Australia,6/26/2016 11:52,1,CLICK
90.6,50,56735.14,256.78,Yes,Male,Chad,3/30/2016 23:40,1,CLICK
66.6,45,40183.75,247.78,Yes,Male,Norway,3/16/2016 7:59,1,CLICK
62.6,22,58348.41,200.78,Yes,Female,Turks and Caicos Islands,5/4/2016 0:01,1,CLICK
44.6,30,72209.99,206.78,Yes,Female,Finland,7/2/2016 21:22,1,CLICK
40.6,33,62060.11,159.78,Yes,Female,South Africa,5/23/2016 21:14,1,CLICK
34.6,32,67113.46,198.78,Yes,User_Identified,Martinique,1/29/2016 20:16,0,NO_CLICK
80.03,44,24030.06,136.78,Yes,Female,Afghanistan,7/23/2016 14:47,1,CLICK
46.6,54,56180.93,115.26,Yes,Male,Micronesia,2/16/2016 9:11,0,NO_CLICK
85.6,36,62204.93,259.78,Yes,Male,French Southern Territories,6/9/2016 21:43,0,NO_CLICK
85.03,40,60372.64,204.52,Yes,Female,Philippines,6/19/2016 9:24,1,CLICK
70.44,24,65280.16,106.78,Yes,Male,Algeria,6/6/2016 21:26,0,NO_CLICK
81.22,34,34309.24,127.78,Yes,User_Identified,San Marino,1/7/2016 13:25,0,NO_CLICK
34.6,45,59610.81,108.78,Yes,Male,Guernsey,4/15/2016 6:08,1,CLICK
43.6,41,50278.89,269.96,Yes,Male,Sierra Leone,1/9/2016 3:45,1,CLICK
46.6,55,43450.11,128.78,Yes,Female,Tajikistan,2/10/2016 15:23,0,NO_CLICK
34.6,37,25408.21,253.78,Yes,Female,Liechtenstein,4/24/2016 13:42,1,CLICK
79.6,36,71136.49,222.25,Yes,Female,Ecuador,6/12/2016 5:31,0,NO_CLICK
65.6,45,63883.81,155.78,Yes,Male,Switzerland,1/5/2016 9:42,1,CLICK
84.54,33,64902.47,125.78,Yes,Male,Moldova,3/2/2016 10:07,0,NO_CLICK
42.6,28,66784.81,221.78,Yes,Male,Finland,7/21/2016 10:54,1,CLICK
32.6,48,62784.85,229.78,Yes,Female,France,1/9/2016 4:53,1,CLICK
81.03,28,63727.5,201.15,Yes,Female,Venezuela,1/6/2016 13:20,0,NO_CLICK
48.6,32,61608.23,213.78,Yes,Female,Cuba,1/31/2016 4:10,0,NO_CLICK
40.06,38,56782.18,140.78,Yes,Male,Peru,6/11/2016 8:38,0,NO_CLICK
83.47,39,64447.77,171.78,Yes,Female,Turkey,5/15/2016 20:48,0,NO_CLICK
44.6,39,42042.95,129.78,Yes,Female,Albania,6/18/2016 17:23,0,NO_CLICK
74.65,46,67669.06,179.78,Yes,Female,French Southern Territories,3/17/2016 5:00,0,NO_CLICK
60.25,35,54875.95,109.77,Yes,Female,Papua New Guinea,6/29/2016 13:35,1,CLICK
59.21,35,73347.67,169.78,Yes,Male,Liechtenstein,2/2/2016 8:55,1,CLICK
32.6,44,50199.77,183.78,Yes,Female,Thailand,4/13/2016 5:42,1,CLICK
84.04,56,50723.67,244.55,Yes,Female,Malaysia,7/20/2016 9:27,0,NO_CLICK
70.66,43,63450.96,120.95,Yes,Male,Mauritius,2/26/2016 4:57,1,CLICK
43.6,53,56694.12,136.94,Yes,Female,Algeria,2/26/2016 9:18,1,CLICK
42.6,50,70547.16,169.78,Yes,Female,Christmas Island,4/15/2016 14:45,1,CLICK
40.17,26,47391.95,231.78,Yes,Male,Japan,2/1/2016 14:37,1,CLICK
79.15,55,62312.23,106.78,Yes,Female,Greenland,1/20/2016 19:09,0,NO_CLICK
85.6,53,63100.13,168,Yes,Male,Sao Tome and Principe,4/23/2016 6:28,1,CLICK
73.04,37,73687.5,182.78,Yes,Male,Senegal,6/19/2016 22:26,0,NO_CLICK
76.28,45,52686.47,254.34,Yes,Female,Guadeloupe,2/15/2016 7:55,0,NO_CLICK
68.6,41,78119.5,139.78,Yes,Female,Belgium,2/9/2016 19:37,0,NO_CLICK
73.1,28,57014.84,240.78,Yes,Female,Israel,1/25/2016 7:52,1,CLICK
47.66,29,27086.4,115.78,Yes,Female,Honduras,7/18/2016 11:33,1,CLICK
87.3,35,58337.18,188.78,Yes,Female,Estonia,1/9/2016 7:28,0,NO_CLICK
89.34,32,50216.01,181.78,Yes,Male,Paraguay,3/21/2016 21:15,0,NO_CLICK
81.37,26,53049.44,160.78,Yes,Male,Kyrgyz Republic,2/15/2016 12:25,0,NO_CLICK
81.67,28,62927.96,237.78,Yes,Male,Mauritania,3/4/2016 8:48,0,NO_CLICK
49.6,34,32847.53,248.78,Yes,Female,French Guiana,1/5/2016 0:02,1,CLICK
54.88,24,32006.82,229.78,Yes,Female,Northern Mariana Islands,5/15/2016 1:03,1,CLICK
40.67,35,48913.07,266.78,Yes,Female,Lebanon,5/5/2016 9:28,1,CLICK
71.6,35,69285.69,194.78,Yes,Female,Saint Pierre and Miquelon,5/26/2016 13:18,1,CLICK
84.6,22,53700.57,128.78,Yes,Male,American Samoa,5/21/2016 1:36,1,CLICK
54.6,56,52011,245.78,Yes,Male,Austria,5/4/2016 12:06,1,CLICK
42.6,45,46339.25,241.78,Yes,Female,Tonga,7/5/2016 18:59,1,CLICK
82.87,37,67938.77,236.78,Yes,Female,Tonga,6/28/2016 20:13,0,NO_CLICK
45.05,42,66348.95,135.78,Yes,Female,French Southern Territories,5/5/2016 11:09,1,CLICK
60.53,24,66873.9,205.78,Yes,Female,Serbia,3/25/2016 15:17,0,NO_CLICK
49.6,31,72270.88,212.78,Yes,Female,New Caledonia,1/23/2016 15:02,0,NO_CLICK
84.71,48,61610.05,210.23,Yes,Female,Taiwan,5/29/2016 7:29,0,NO_CLICK
55.2,39,76560.59,159.46,Yes,Male,United States of America,5/30/2016 7:36,0,NO_CLICK
34.6,33,62667.51,199.78,Yes,Female,Morocco,4/17/2016 15:46,0,NO_CLICK
59.6,36,75687.46,192.78,Yes,Male,Suriname,7/20/2016 23:08,0,NO_CLICK
50.6,58,66744.65,228.78,Yes,Male,Macedonia,6/29/2016 3:07,0,NO_CLICK
73.95,35,67714.82,238.58,Yes,Female,Wallis and Futuna,4/10/2016 14:48,1,CLICK
84.6,58,69710.51,119.78,Yes,Female,Chile,4/16/2016 16:38,0,NO_CLICK
80.39,31,66269.49,183.78,Yes,Female,Gabon,5/3/2016 8:21,0,NO_CLICK
71.6,25,60843.32,214.78,Yes,Male,Gabon,3/18/2016 16:04,0,NO_CLICK
36.6,26,55041.6,247.78,Yes,Female,Holy See (Vatican City State),5/22/2016 0:01,0,NO_CLICK
49.6,25,73863.25,224.78,Yes,Female,Seychelles,2/1/2016 20:30,1,CLICK
52.6,53,62378.05,134.78,Yes,Female,Mayotte,1/23/2016 17:39,0,NO_CLICK
53.6,38,63336.85,130.83,Yes,Male,Uganda,5/19/2016 3:52,1,CLICK
70.6,61,42191.61,257.78,Yes,Female,Cambodia,5/9/2016 21:54,1,CLICK
84.6,24,56194.56,178.85,Yes,Male,Antigua and Barbuda,5/31/2016 11:44,0,NO_CLICK
74.6,33,61771.9,214.53,Yes,Female,Cameroon,3/30/2016 19:09,0,NO_CLICK
59.6,49,61383.79,231.07,Yes,Female,Somalia,1/9/2016 15:49,0,NO_CLICK
70.6,32,63924.82,231.78,Yes,Female,Lebanon,4/18/2016 3:41,0,NO_CLICK
54.92,54,23975.35,175.78,Yes,Female,Saint Pierre and Miquelon,6/13/2016 13:59,0,NO_CLICK
74.6,34,70179.11,249.78,Yes,Male,Dominica,4/23/2016 8:15,0,NO_CLICK
69.74,49,66524.8,175.78,Yes,Female,Hungary,3/27/2016 16:41,0,NO_CLICK
72.6,22,41851.38,228.78,No,Female,Taiwan,2/19/2016 7:29,1,CLICK
72.19,33,61275.18,250.35,No,Male,Saint Lucia,5/19/2016 11:16,0,NO_CLICK
39.6,24,60638.38,232.54,No,User_Identified,Niue,1/27/2016 20:47,0,NO_CLICK
64.6,39,47160.53,188.78,No,Female,France,4/20/2016 0:41,1,CLICK
88.6,21,48537.18,186.98,No,Female,Cyprus,2/7/2016 7:41,1,CLICK
36.6,46,53058.91,225.78,No,Male,French Southern Territories,4/21/2016 9:30,0,NO_CLICK
80.72,31,68614.98,135.78,No,Female,Costa Rica,4/19/2016 5:15,0,NO_CLICK
58.6,55,44174.25,105,No,User_Identified,Austria,4/12/2016 14:01,1,CLICK
76.6,34,67050.16,231.78,No,Female,Zambia,3/15/2016 11:25,1,CLICK
90.97,37,54520.14,180.77,No,Female,Congo,2/16/2016 18:21,0,NO_CLICK
70.6,30,54952.42,166.78,No,Male,United States of America,2/18/2016 23:08,0,NO_CLICK
66.18,50,69476.42,177.78,No,Female,Pitcairn Islands,3/25/2016 8:40,0,NO_CLICK
78.6,19,54989.93,240.95,No,Female,Belize,3/16/2016 0:28,0,NO_CLICK
36.87,34,29398.61,108.78,No,Female,Anguilla,1/28/2016 11:50,1,CLICK
34.78,34,42861.42,257.78,No,User_Identified,South Africa,3/24/2016 2:01,1,CLICK
76.84,22,65883.39,231.59,No,User_Identified,Singapore,3/3/2016 22:31,0,NO_CLICK
48.6,42,65421.39,218.78,No,Female,Finland,2/26/2016 9:54,1,CLICK
88.6,31,60953.93,224.78,No,Female,Martinique,7/6/2016 15:56,1,CLICK
65.6,26,58476.57,221.78,No,Female,Cameroon,6/24/2016 5:50,0,NO_CLICK
74.6,31,66636.84,208.78,No,Female,Sweden,5/23/2016 21:00,0,NO_CLICK
76.6,49,67430.96,208.78,No,Male,New Caledonia,2/3/2016 19:12,1,CLICK
79.36,34,57260.41,245.78,No,Male,Bosnia and Herzegovina,4/28/2016 22:54,0,NO_CLICK
86.38,40,66359.32,188.27,No,Male,Singapore,3/19/2016 14:57,0,NO_CLICK
66.6,41,57587,142.67,No,Male,Falkland Islands (Malvinas),7/15/2016 9:08,1,CLICK
52.6,23,63060.55,184.03,No,Female,Bosnia and Herzegovina,5/12/2016 4:35,0,NO_CLICK
75.32,28,59998.5,225.78,No,Male,Mauritius,1/1/2016 21:58,0,NO_CLICK
74.38,40,74024.61,121.78,No,Male,Indonesia,3/13/2016 13:50,1,CLICK
87.6,22,60550.66,211.39,No,Female,Czech Republic,7/16/2016 14:13,0,NO_CLICK
84.6,29,57983.3,139.78,No,Female,Eritrea,4/18/2016 0:49,1,CLICK
85.6,48,52736.33,115.35,No,User_Identified,Mexico,7/17/2016 1:13,1,CLICK
55.6,38,46653.75,230.91,No,Female,Gibraltar,2/17/2016 7:05,1,CLICK
83.97,33,56986.73,132.78,No,Male,Haiti,6/16/2016 2:33,0,NO_CLICK
61.09,26,55336.18,194.78,No,Male,Falkland Islands (Malvinas),4/9/2016 16:31,0,NO_CLICK
89.6,23,42162.9,218.61,No,Male,Eritrea,3/18/2016 17:35,0,NO_CLICK
81.58,29,39699.13,143.78,No,Female,Hong Kong,5/11/2016 22:02,1,CLICK
65.6,52,56394.82,253.78,No,Male,Gambia,5/25/2016 20:10,0,NO_CLICK
79.6,19,75044.35,178.51,No,Female,Barbados,2/29/2016 19:26,0,NO_CLICK
75.6,19,53309.61,184.94,No,User_Identified,Nauru,6/9/2016 14:24,0,NO_CLICK
74.49,40,58996.12,260.78,No,Female,Peru,1/30/2016 16:15,0,NO_CLICK
85.6,23,56605.12,211.38,No,Male,El Salvador,2/15/2016 5:35,0,NO_CLICK
63.6,30,62475.99,228.81,No,Female,Libyan Arab Jamahiriya,1/31/2016 6:14,0,NO_CLICK
46.6,44,70492.6,229.78,No,User_Identified,Cambodia,1/5/2016 16:34,0,NO_CLICK
32.6,52,43698.53,259.78,No,Female,Saint Barthelemy,5/31/2016 2:17,1,CLICK
87.09,60,57737.51,221.98,No,Male,Reunion,4/21/2016 16:10,0,NO_CLICK
37.45,47,31281.01,167.86,No,Female,Antigua and Barbuda,4/10/2016 3:30,1,CLICK
73.6,39,45800.48,127.78,No,Female,Samoa,2/9/2016 7:21,1,CLICK
71.6,59,42362.49,229.78,No,Female,Afghanistan,6/17/2016 17:11,1,CLICK
43.6,34,66691.23,151.78,No,Female,Azerbaijan,5/22/2016 21:54,1,CLICK
38.91,47,56369.74,262.78,No,Male,Philippines,7/13/2016 7:41,1,CLICK
71.6,41,59397.89,110.93,No,Male,Angola,1/23/2016 18:59,1,CLICK
78.6,28,66025.11,220.78,No,Male,Albania,5/20/2016 12:17,0,NO_CLICK
73.3,36,68211.35,239.78,No,Male,Hungary,1/30/2016 4:38,1,CLICK
70.6,42,73608.99,231.48,No,Male,Faroe Islands,4/21/2016 12:34,0,NO_CLICK
74.6,54,61228.96,140.15,No,Male,Czech Republic,4/22/2016 20:32,1,CLICK
70.6,27,72325.91,199.78,No,Male,Svalbard & Jan Mayen Islands,1/11/2016 6:02,0,NO_CLICK
49.6,27,44559.43,260.78,No,Female,Afghanistan,3/1/2016 10:01,0,NO_CLICK
75.6,50,73207.15,147.78,No,Female,Rwanda,4/4/2016 8:19,1,CLICK
82.07,25,46722.07,203.78,No,Male,Panama,6/20/2016 6:30,0,NO_CLICK
69.6,50,45400.5,113.7,No,Female,Samoa,1/28/2016 7:10,1,CLICK
36.08,45,41417.27,119.78,No,Male,United States Minor Outlying Islands,7/3/2016 4:11,1,CLICK
46.6,54,60845.55,123.78,No,Female,Greece,5/15/2016 13:18,0,NO_CLICK
45.6,39,60812.77,104.78,No,Female,Cote d'Ivoire,4/8/2016 22:48,1,CLICK
86.6,25,64267.88,210.78,No,Male,Pakistan,1/19/2016 12:18,0,NO_CLICK
32.6,46,58151.87,227.78,No,Male,Anguilla,5/26/2016 15:40,0,NO_CLICK
89,56,52079.18,121.78,No,User_Identified,Cyprus,1/26/2016 15:56,0,NO_CLICK
77.6,50,26023.99,143.78,No,Female,Peru,6/17/2016 9:58,1,CLICK
51.6,61,62318.38,125.45,No,Female,Kenya,4/25/2016 21:15,1,CLICK
81.11,39,56216.57,248.19,No,Male,Chad,7/13/2016 11:41,0,NO_CLICK
37.6,30,61806.31,224.58,No,Female,Kyrgyz Republic,7/5/2016 15:14,0,NO_CLICK
57.6,41,51662.24,266.78,No,Male,Albania,3/15/2016 14:06,0,NO_CLICK
32.6,29,67080.94,245.78,No,Female,Gabon,6/19/2016 22:08,0,NO_CLICK
74.63,26,51975.41,224.78,No,Male,Dominican Republic,7/5/2016 20:16,0,NO_CLICK
85.6,27,28019.09,145.78,No,Female,Zimbabwe,5/9/2016 8:44,1,CLICK
80.59,59,67744.56,170.78,No,Female,Croatia,7/21/2016 23:14,1,CLICK
57.6,33,66574,178.78,No,Male,Cambodia,6/3/2016 17:32,0,NO_CLICK
55.6,42,30487.48,132.66,No,Male,Mongolia,1/15/2016 19:40,1,CLICK
35.6,22,74903.41,169.78,No,User_Identified,Honduras,2/5/2016 16:50,1,CLICK
55.6,38,19991.72,136.85,No,Female,Madagascar,2/29/2016 23:56,1,CLICK
74.6,36,66050.63,240.78,No,Male,Qatar,5/8/2016 12:08,0,NO_CLICK
79.97,60,70449.04,216,No,Female,China,7/13/2016 1:48,0,NO_CLICK
85.6,28,64008.55,200.28,No,Male,Bangladesh,1/8/2016 2:34,0,NO_CLICK
65.6,26,70203.74,155.78,No,Female,Swaziland,6/8/2016 12:25,0,NO_CLICK
57.6,55,27262.51,124.44,No,Male,Tanzania,6/15/2016 11:56,1,CLICK
57.6,20,49544.41,195.78,No,Male,Eritrea,6/13/2016 22:41,0,NO_CLICK
83.6,51,28357.27,174.55,No,Male,Canada,6/20/2016 14:20,1,CLICK
37.6,21,66929.03,220.78,No,Female,Saint Kitts and Nevis,4/3/2016 6:17,1,CLICK
76.24,40,75524.78,111.78,No,Male,Burkina Faso,5/31/2016 23:42,0,NO_CLICK
68.6,27,66265.34,206.78,No,User_Identified,Tuvalu,2/15/2016 3:43,0,NO_CLICK
46.6,32,55993.68,165.52,No,Male,El Salvador,3/10/2016 23:26,0,NO_CLICK
34.6,34,56379.3,230.36,No,Female,Madagascar,2/26/2016 17:01,0,NO_CLICK
72.6,43,31215.88,125.78,No,Female,Bangladesh,4/17/2016 21:39,1,CLICK
34.6,26,51015.11,121.78,No,Female,American Samoa,3/26/2016 19:54,1,CLICK
32.6,52,46473.14,117.35,No,Male,Latvia,6/29/2016 21:39,1,CLICK
68.6,41,55479.62,167.78,No,Female,Moldova,1/27/2016 17:55,1,CLICK
56.34,50,68713.7,139.02,No,User_Identified,Anguilla,3/17/2016 23:39,1,CLICK
48.73,27,34191.23,142.04,No,Female,Bangladesh,7/9/2016 16:23,1,CLICK
83.6,46,51067.54,258.62,No,User_Identified,Faroe Islands,6/28/2016 12:51,1,CLICK
48.6,45,46693.76,152.86,No,Female,Taiwan,6/18/2016 16:32,1,CLICK
48.09,55,19345.36,180.42,No,Female,Heard Island and McDonald Islands,5/28/2016 12:38,0,NO_CLICK
37.6,29,66225.72,208.05,No,Female,Israel,1/16/2016 16:40,0,NO_CLICK
68.82,61,38609.2,205.64,No,Male,Bolivia,7/11/2016 15:45,1,CLICK
32.6,40,37713.23,210.78,No,Female,Bahamas,7/16/2016 23:08,1,CLICK
63.6,39,63764.28,216.78,No,Male,Costa Rica,4/6/2016 21:20,0,NO_CLICK
61.6,43,41866.55,129.25,No,User_Identified,Myanmar,7/5/2016 0:54,1,CLICK
44.6,32,57846.68,172.78,No,Female,Netherlands Antilles,2/17/2016 23:47,0,NO_CLICK
72.92,37,69428.73,217.1,No,Male,Czech Republic,3/15/2016 17:33,0,NO_CLICK
60.6,40,60283.98,119.78,No,Male,Iceland,1/21/2016 18:51,1,CLICK
60.7,43,79332.33,172.78,No,Male,Palau,6/6/2016 22:41,0,NO_CLICK
60.6,41,53167.68,266.78,No,Male,Libyan Arab Jamahiriya,5/16/2016 14:50,1,CLICK
83.71,45,64564.07,218.78,No,Male,Kazakhstan,4/17/2016 19:10,0,NO_CLICK
53.38,32,60803.37,141.78,No,Male,French Guiana,3/30/2016 1:05,1,CLICK
58.03,26,28387.42,104.78,No,Female,Tuvalu,6/29/2016 9:04,1,CLICK
81.6,36,58849.77,252.78,No,Male,Congo,5/26/2016 13:43,1,CLICK
60.07,42,65963.37,229.78,No,Male,United Kingdom,4/15/2016 10:16,1,CLICK
41.6,37,75180.2,149.78,No,Male,Luxembourg,5/31/2016 9:06,0,NO_CLICK
54.6,33,61270.14,230.9,No,Female,French Polynesia,2/15/2016 14:13,0,NO_CLICK
60.53,26,56759.48,128.78,No,Female,Papua New Guinea,5/9/2016 10:21,1,CLICK
60.6,31,46160.63,253.78,No,Male,Maldives,7/7/2016 23:32,0,NO_CLICK
88.6,32,43870.51,211.87,No,Male,Zambia,1/3/2016 17:10,0,NO_CLICK
42.6,30,50439.49,161.78,No,User_Identified,Cook Islands,7/17/2016 18:55,0,NO_CLICK
80.6,43,28028.74,244.78,No,Female,Congo,4/4/2016 18:36,0,NO_CLICK
73.6,36,64238.71,212.92,No,Male,Senegal,2/27/2016 12:34,0,NO_CLICK
83.55,32,65816.38,228.78,No,Male,Myanmar,6/8/2016 20:13,0,NO_CLICK
47.6,29,72684.44,119.78,No,Female,Dominican Republic,2/20/2016 10:52,1,CLICK
56.39,27,38817.4,137.78,No,Male,Bahrain,3/23/2016 21:06,0,NO_CLICK
60.6,27,63976.44,176.78,No,Female,Puerto Rico,6/7/2016 1:29,0,NO_CLICK
65.6,36,37212.54,110.25,No,User_Identified,Chile,1/18/2016 15:18,1,CLICK
46.6,23,52691.79,167.67,No,Female,Bolivia,6/9/2016 19:32,0,NO_CLICK
56.6,32,65499.93,147.92,No,User_Identified,Serbia,5/30/2016 20:07,1,CLICK
78.6,44,63966.72,169.78,No,Female,Malaysia,4/1/2016 9:21,0,NO_CLICK
75.6,39,52400.88,186.78,No,Male,Estonia,5/31/2016 6:21,1,CLICK
87.6,57,49111.47,109,No,Male,Greenland,7/3/2016 22:13,1,CLICK
89.6,40,41232.89,171.72,No,Female,Trinidad and Tobago,3/10/2016 1:36,1,CLICK
81.6,32,52140.04,110.78,No,Male,Thailand,3/18/2016 2:39,0,NO_CLICK
38.1,34,60641.09,105.78,No,User_Identified,Philippines,5/30/2016 18:08,1,CLICK
73.93,44,74180.05,180.78,No,Female,Niue,2/20/2016 0:06,0,NO_CLICK
61.6,46,51869.87,119.65,No,Female,Afghanistan,3/10/2016 22:28,1,CLICK
34.6,22,48852.58,169.88,No,Male,Angola,6/21/2016 14:32,0,NO_CLICK
43.41,28,59144.02,160.73,No,Female,Egypt,2/5/2016 15:26,1,CLICK
40.6,24,33951.63,136.78,No,Female,Fiji,5/31/2016 21:41,0,NO_CLICK
83.6,31,58909.36,239.76,No,Female,Portugal,1/1/2016 2:52,0,NO_CLICK
83.42,25,49850.52,183.78,No,Male,Austria,3/4/2016 14:10,0,NO_CLICK
45.6,52,28679.93,188.78,No,Male,Germany,2/3/2016 10:40,1,CLICK
56.6,33,69869.66,184.78,No,Female,Panama,1/20/2016 0:26,0,NO_CLICK
43.01,58,48347.64,127.37,No,Female,United States of America,6/11/2016 9:37,1,CLICK
77.6,25,45959.86,149.78,No,Male,Christmas Island,3/8/2016 5:48,1,CLICK
35.6,28,70005.51,216.78,No,Male,Equatorial Guinea,2/14/2016 22:23,1,CLICK
38.6,26,51512.66,239.78,No,Male,Micronesia,7/17/2016 22:04,0,NO_CLICK
69.6,40,25598.75,134.6,No,Male,Malta,6/2/2016 22:16,1,CLICK
60.6,45,49282.87,177.46,No,Female,Ecuador,4/30/2016 19:42,1,CLICK
55.6,27,67240.25,193.78,No,Male,Sudan,4/17/2016 6:58,0,NO_CLICK
45.6,52,42136.33,182.78,No,Male,Lao People's Democratic Republic,3/9/2016 0:41,0,NO_CLICK
79.6,45,62589.84,191.17,No,Male,Saint Vincent and the Grenadines,3/7/2016 20:02,0,NO_CLICK
45.7,48,67384.31,108.78,No,Male,Switzerland,5/26/2016 10:33,1,CLICK
68.6,45,25603.93,193.78,No,Female,Spain,7/18/2016 1:36,0,NO_CLICK
56.6,39,39616,241.78,No,Male,Turks and Caicos Islands,7/16/2016 5:56,1,CLICK
40.6,47,28265.81,145.78,No,Female,Indonesia,3/22/2016 6:41,1,CLICK
77.6,25,63879.72,224.92,No,Male,Cook Islands,6/3/2016 6:34,0,NO_CLICK
43.84,36,70592.81,152.78,No,User_Identified,Australia,6/28/2016 9:19,1,CLICK
34.6,61,76408.19,192.78,No,Female,Finland,7/18/2016 18:33,0,NO_CLICK
33.6,24,55015.08,207.27,No,Female,Pakistan,1/23/2016 4:47,0,NO_CLICK
81.46,29,51636.12,231.54,No,Female,Ireland,2/29/2016 11:00,0,NO_CLICK
59.6,31,29359.2,268.78,No,Female,Eritrea,6/30/2016 0:19,1,CLICK
75.15,33,71296.67,219.49,No,Male,France,6/19/2016 18:19,0,NO_CLICK
75.6,24,46422.76,253.78,No,Male,Austria,1/8/2016 8:08,0,NO_CLICK
44.96,50,52802,130.78,No,User_Identified,Heard Island and McDonald Islands,1/2/2016 12:25,1,CLICK
72.6,41,59243.46,208.78,No,Male,Western Sahara,5/13/2016 11:57,1,CLICK
77.6,28,35350.55,130.78,No,Male,Liberia,2/8/2016 14:02,1,CLICK
35.6,22,59677.64,144.78,No,Male,Dominican Republic,6/7/2016 23:46,0,NO_CLICK
83.26,40,70225.6,233.78,No,Male,Tonga,1/2/2016 14:36,0,NO_CLICK
76.6,25,65791.17,265.78,No,Female,Lao People's Democratic Republic,2/13/2016 4:16,0,NO_CLICK
88.6,57,34191.13,267.78,No,Male,United States of America,5/3/2016 12:57,0,NO_CLICK
46.2,37,51315.38,164.78,No,Female,Belgium,4/3/2016 11:38,1,CLICK
66.88,35,62790.96,269.78,No,Male,Indonesia,3/23/2016 19:58,0,NO_CLICK
33.6,40,66291.67,158.42,No,Male,Croatia,2/2/2016 11:49,0,NO_CLICK
77.6,56,68030.18,176.78,No,Female,Brunei Darussalam,3/8/2016 10:39,0,NO_CLICK
55.6,27,43974.49,141.78,No,Female,American Samoa,4/8/2016 14:35,1,CLICK
71.6,31,49457.48,244.87,No,Male,Netherlands Antilles,6/30/2016 0:40,1,CLICK
50.19,40,33987.27,198.78,No,Female,Thailand,3/25/2016 19:02,0,NO_CLICK
58.6,33,28210.03,208.78,No,Female,Greece,5/12/2016 21:32,1,CLICK
85.6,30,75535.14,193.63,No,Male,French Polynesia,3/2/2016 5:11,0,NO_CLICK
53.6,28,49158.5,223.78,No,Female,Guernsey,5/10/2016 14:12,1,CLICK
78.6,30,39809.69,259.78,No,User_Identified,Isle of Man,3/3/2016 2:59,1,CLICK
81.59,38,65826.53,268.78,No,Female,Holy See (Vatican City State),7/4/2016 11:03,0,NO_CLICK
80.6,29,61172.07,216.49,No,Male,El Salvador,7/8/2016 3:47,1,CLICK
57.6,39,42898.21,126.95,No,Female,China,5/27/2016 5:35,1,CLICK
65.6,27,68333.01,269.78,No,Female,Myanmar,2/10/2016 13:46,1,CLICK
49.6,37,70232.95,204.78,No,Female,Macao,6/12/2016 21:21,1,CLICK
76.6,46,63102.19,124.85,No,Female,Australia,1/7/2016 13:58,1,CLICK
61.6,37,51847.26,253.17,No,Female,United States Virgin Islands,5/13/2016 14:12,0,NO_CLICK
46.6,60,63580.22,161.78,No,User_Identified,Mexico,5/2/2016 0:01,0,NO_CLICK
50.6,31,47575.44,202.78,No,Female,Djibouti,2/7/2016 17:06,1,CLICK
66.12,49,39031.89,177.78,No,Female,Cote d'Ivoire,2/15/2016 7:27,1,CLICK
40.6,26,70505.06,123.78,No,Male,Mali,2/21/2016 5:23,1,CLICK
77.05,44,62161.26,168.78,No,Female,Jamaica,3/20/2016 22:27,0,NO_CLICK
63.6,34,61068.26,125.78,No,Female,Romania,3/24/2016 9:34,1,CLICK
81.6,58,49090.51,210.78,No,Female,Cayman Islands,4/4/2016 20:01,1,CLICK
79.36,33,62330.75,112.78,No,Male,Gambia,1/2/2016 4:50,0,NO_CLICK
57.86,30,18819.34,232.78,No,Female,Algeria,7/8/2016 17:14,1,CLICK
82.6,26,62053.37,231.37,No,Male,Puerto Rico,3/28/2016 19:48,0,NO_CLICK
37.6,33,61922.06,133.78,No,Male,Norfolk Island,7/11/2016 9:32,0,NO_CLICK
71.6,44,49525.37,137.78,No,Male,Turkey,6/9/2016 17:11,1,CLICK
81.51,41,53412.32,191.78,No,Female,Guinea,5/19/2016 9:30,1,CLICK
42.94,37,56681.65,201.78,No,Male,Moldova,4/12/2016 12:35,1,CLICK
37.6,32,43299.63,233.93,No,Male,Greece,7/4/2016 23:17,1,CLICK
82.79,34,47997.75,132.08,No,Female,American Samoa,2/1/2016 0:52,1,CLICK
59.22,55,39131.53,186.78,No,Male,Honduras,1/13/2016 2:39,1,CLICK
84.6,40,46033.73,242.78,No,Male,Mongolia,6/18/2016 16:02,1,CLICK
46.61,42,65856.74,136.18,No,User_Identified,Ethiopia,1/1/2016 20:17,1,CLICK
53.6,36,54787.37,120.78,No,Male,Ethiopia,3/2/2016 4:02,1,CLICK
77.6,32,69562.46,202.9,No,Male,Sri Lanka,3/30/2016 20:23,0,NO_CLICK
64.6,43,68447.17,194.78,No,Female,Morocco,5/1/2016 0:23,1,CLICK
79.91,59,62772.42,230.18,No,Male,United Arab Emirates,6/17/2016 3:02,0,NO_CLICK
61.6,41,78092.95,152.78,No,Female,Western Sahara,3/23/2016 8:52,0,NO_CLICK
43.65,39,63649.04,183.78,No,Female,Western Sahara,5/8/2016 22:24,0,NO_CLICK
63.6,21,60637.62,124.78,No,Male,Cambodia,4/6/2016 5:55,0,NO_CLICK
66.6,52,27241.11,253.78,No,Female,New Zealand,4/5/2016 5:54,1,CLICK
74.6,34,42760.22,263.78,No,Male,Australia,4/16/2016 12:26,0,NO_CLICK
53.6,53,59457.52,112.78,No,Male,Bulgaria,6/1/2016 3:44,1,CLICK
85.6,36,42907.89,257.78,No,User_Identified,Libyan Arab Jamahiriya,4/4/2016 22:00,1,CLICK
48.6,51,46132.18,126.78,No,User_Identified,Barbados,6/26/2016 4:22,0,NO_CLICK
91.43,39,46964.11,172.78,No,Male,French Polynesia,7/7/2016 3:55,0,NO_CLICK
44.6,30,70377.23,212.38,No,Female,Uruguay,3/20/2016 8:22,0,NO_CLICK
64.6,32,70012.83,190.78,No,Male,Uruguay,4/20/2016 10:04,0,NO_CLICK
79.6,23,56457.01,170.78,No,Female,Brazil,3/25/2016 5:05,0,NO_CLICK
64.6,26,67279.06,260.78,No,Female,Venezuela,2/14/2016 7:15,0,NO_CLICK
79.6,43,54773.99,236.29,No,Female,Myanmar,3/26/2016 0:32,0,NO_CLICK
58.6,38,70783.94,236.78,No,Male,Malta,7/5/2016 22:33,1,CLICK
77.47,36,70510.59,123.78,No,Male,Jamaica,3/14/2016 3:29,0,NO_CLICK
66.6,39,64021.55,200.78,No,Male,Bahrain,5/30/2016 2:34,0,NO_CLICK
78.15,36,72042.85,113.78,No,User_Identified,Algeria,3/7/2016 22:32,0,NO_CLICK
63.8,26,36037.33,232.78,No,Male,Tuvalu,3/19/2016 0:27,1,CLICK
58.6,35,67526.92,211.64,No,Female,Georgia,6/18/2016 5:17,0,NO_CLICK
79.6,20,55121.65,108.78,No,Female,Cambodia,7/11/2016 18:12,1,CLICK
78.77,28,63497.62,124.78,No,Female,Guam,1/1/2016 8:27,0,NO_CLICK
83.4,39,60879.48,116.78,No,Female,Tanzania,4/7/2016 1:57,0,NO_CLICK
56.6,33,61467.33,236.72,No,User_Identified,Indonesia,2/28/2016 22:02,0,NO_CLICK
38.6,35,70495.64,216.78,No,Male,Somalia,6/26/2016 17:25,0,NO_CLICK
54.6,36,71222.4,215.78,No,Female,Belize,1/21/2016 4:30,0,NO_CLICK
57.6,31,64698.58,255.78,No,Male,Serbia,5/1/2016 21:46,0,NO_CLICK
65.6,58,32252.38,194.78,No,Female,Australia,2/14/2016 10:06,1,CLICK
77.6,35,55316.97,127.56,No,Male,Guam,1/27/2016 18:25,1,CLICK
38.35,33,47447.89,148.78,No,Male,Christmas Island,6/16/2016 20:24,1,CLICK
72.53,37,73474.82,223.93,No,Female,Papua New Guinea,7/21/2016 10:01,0,NO_CLICK
56.2,49,53549.94,142.78,No,Male,Bahamas,4/21/2016 18:31,1,CLICK
32.6,28,58576.12,226.79,No,Female,Comoros,7/20/2016 1:56,0,NO_CLICK
75.42,26,63373.7,164.25,No,Male,Western Sahara,2/26/2016 17:14,0,NO_CLICK
80.6,31,60283.47,232.78,No,Male,Nicaragua,1/16/2016 17:56,1,CLICK
38.6,44,37345.34,109.22,No,Female,Guam,4/1/2016 1:57,1,CLICK
37.6,61,34886.01,260.78,No,Male,Vanuatu,6/24/2016 8:42,1,CLICK
59.52,56,67511.86,136.78,No,Male,Bolivia,5/27/2016 18:45,0,NO_CLICK
34.6,28,77988.71,171.78,No,Female,Malawi,5/26/2016 15:40,1,CLICK
60.6,32,63001.03,117.66,No,Female,Venezuela,4/6/2016 1:19,1,CLICK
79.97,26,61747.98,158.78,No,Male,Nepal,1/8/2016 19:38,0,NO_CLICK
39.6,42,48467.68,219.78,No,Female,United Kingdom,2/24/2016 19:08,1,CLICK
56.6,30,55130.96,238.06,No,Female,Albania,3/10/2016 7:07,0,NO_CLICK
64.51,42,79484.8,187.78,No,Male,Madagascar,4/29/2016 7:49,1,CLICK
71.28,37,67307.43,188.78,No,Male,Guyana,4/10/2016 16:08,0,NO_CLICK
32.6,40,27964.6,125.65,No,Female,Yemen,4/27/2016 18:25,1,CLICK
68.6,33,66431.87,232.78,No,Male,India,5/10/2016 4:28,0,NO_CLICK
55.6,39,63551.67,125.78,No,Female,Puerto Rico,1/3/2016 23:21,0,NO_CLICK
74.59,47,40135.06,186.78,No,Male,United States Virgin Islands,2/15/2016 16:52,1,CLICK
88.6,45,49101.67,118.16,No,Female,Antigua and Barbuda,3/9/2016 2:07,0,NO_CLICK
84.6,42,53188.69,134.46,No,Female,French Guiana,1/9/2016 17:33,0,NO_CLICK
79.6,39,49742.83,212.78,No,Male,Antigua and Barbuda,2/3/2016 5:47,1,CLICK
81.21,20,63394.41,233.04,No,Female,Turkmenistan,1/2/2016 9:30,1,CLICK
77.6,23,64433.99,165.78,No,Male,Honduras,1/4/2016 7:28,0,NO_CLICK
73.6,38,73884.48,231.21,No,Female,Seychelles,1/7/2016 21:21,0,NO_CLICK
81.6,46,36424.94,175.78,No,Female,Cyprus,7/24/2016 0:22,1,CLICK
72.6,36,28275.48,134.78,No,Female,Saint Pierre and Miquelon,2/13/2016 13:57,1,CLICK
40.04,27,48098.86,161.58,No,Female,Poland,5/8/2016 10:25,1,CLICK
72.6,33,68448.94,135.08,No,Female,Taiwan,2/17/2016 18:50,1,CLICK
57.6,39,66429.84,214.78,No,Male,Cote d'Ivoire,1/22/2016 19:43,1,CLICK
78.6,46,41768.13,254.59,No,Male,Micronesia,7/20/2016 13:21,0,NO_CLICK
76.6,38,57844.96,252.07,No,Female,Liberia,1/5/2016 20:58,0,NO_CLICK
50.6,61,35684.82,225.78,No,Female,Saudi Arabia,1/29/2016 5:39,1,CLICK
65.6,32,62792.43,238.1,No,Female,Nepal,6/17/2016 20:18,0,NO_CLICK
39.86,39,51171.23,210.78,No,Female,Ghana,2/23/2016 13:55,1,CLICK
62.6,25,58847.07,262.78,No,Female,Iran,7/9/2016 11:18,1,CLICK
57.2,42,57739.03,110.66,No,Female,New Zealand,3/19/2016 11:09,1,CLICK
73.15,25,64631.22,211.12,No,Male,Libyan Arab Jamahiriya,1/29/2016 7:14,0,NO_CLICK
89.6,24,50337.93,193.97,No,Female,Sri Lanka,6/14/2016 7:02,0,NO_CLICK
79.6,38,67781.31,135.24,No,Male,United Arab Emirates,5/18/2016 3:19,1,CLICK
43.97,36,68863.95,233.78,No,Male,Indonesia,1/30/2016 9:54,1,CLICK
39.6,27,55901.12,255.78,No,Male,Saint Vincent and the Grenadines,4/25/2016 16:58,1,CLICK
45.6,25,64775.1,113.78,No,Male,Mongolia,1/14/2016 16:30,0,NO_CLICK
49.6,36,67686.16,204.56,No,Female,Honduras,7/6/2016 5:34,0,NO_CLICK
38.63,48,57777.11,203.78,No,Female,Papua New Guinea,4/7/2016 10:51,1,CLICK
84,48,46868.53,158.78,No,Male,Kyrgyz Republic,4/17/2016 5:08,0,NO_CLICK
65.6,50,40926.93,151.78,No,Male,Ethiopia,1/28/2016 17:03,1,CLICK
37.6,36,22205.74,135.48,No,Male,Rwanda,2/18/2016 22:42,1,CLICK
61.6,24,58920.44,196.77,No,Male,Kyrgyz Republic,6/24/2016 21:09,0,NO_CLICK
81.6,35,63006.14,185.78,No,Male,Grenada,6/20/2016 4:24,1,CLICK
64.67,52,24316.61,178.78,No,Male,Togo,2/14/2016 16:33,1,CLICK
76.6,42,68348.99,237.78,No,Female,Pakistan,2/27/2016 13:51,0,NO_CLICK
49.6,30,66263.37,171.78,No,Male,Falkland Islands (Malvinas),5/7/2016 15:16,0,NO_CLICK
76.6,40,63493.6,157.78,No,Male,Jersey,3/16/2016 20:10,1,CLICK
80.6,30,56984.09,160.33,No,Male,Cayman Islands,6/26/2016 2:06,1,CLICK
68.6,37,51691.55,181.02,No,Female,South Africa,7/17/2016 14:26,1,CLICK
39.5,31,49911.25,153.78,No,Male,Micronesia,1/28/2016 16:42,1,CLICK
46.6,31,33502.57,157.78,No,Male,Tajikistan,6/16/2016 18:04,0,NO_CLICK
80.6,44,65834.97,211.78,No,Male,Bolivia,6/19/2016 23:21,0,NO_CLICK
67.76,46,66176.97,197.78,No,User_Identified,Cameroon,5/24/2016 17:42,0,NO_CLICK
51.6,53,51463.17,263.78,No,Female,Ecuador,3/1/2016 22:06,1,CLICK
52.7,41,41059.64,268.78,No,Male,Zambia,1/31/2016 8:50,1,CLICK
68.41,38,61428.18,202.78,No,Female,Guinea-Bissau,4/30/2016 15:27,0,NO_CLICK
82.6,39,51593.46,258.78,No,User_Identified,Micronesia,1/13/2016 20:38,1,CLICK
74.54,24,57518.73,219.75,No,Female,Bahamas,3/30/2016 16:15,0,NO_CLICK
79.6,52,52656.13,190.08,No,User_Identified,Cape Verde,4/29/2016 18:53,0,NO_CLICK
87.85,31,52178.98,192.78,No,Male,French Polynesia,6/14/2016 19:48,0,NO_CLICK
60.23,60,46239.14,229.78,No,Male,Saudi Arabia,7/15/2016 15:43,1,CLICK
36.6,35,48918.55,149.25,No,Male,France,3/24/2016 5:38,0,NO_CLICK
78.17,27,65227.79,174.78,No,Male,Burundi,4/26/2016 20:57,1,CLICK
67.91,23,55002.05,109.78,No,Male,Latvia,1/12/2016 3:28,1,CLICK
79.6,27,52261.73,150.78,No,Male,Morocco,4/9/2016 23:26,1,CLICK
41.16,29,59448.44,121.78,No,Male,Venezuela,3/28/2016 9:15,1,CLICK
53.54,32,47314.45,108.03,No,Female,Palau,6/23/2016 11:05,1,CLICK
64.6,26,55411.06,260.78,No,Male,Isle of Man,1/24/2016 1:53,0,NO_CLICK
45.6,29,66504.16,188.78,No,Male,Peru,4/15/2016 10:18,1,CLICK
62.6,36,47169.14,184.78,No,Male,Belgium,4/26/2016 13:13,0,NO_CLICK
40.6,31,70889.68,259.78,No,Female,Croatia,5/16/2016 23:21,0,NO_CLICK
49.6,37,55358.88,136.99,No,Female,France,1/18/2016 2:51,1,CLICK
58.95,55,56242.7,147.78,No,Male,Slovenia,6/20/2016 8:34,1,CLICK
64.6,51,45522.44,132.78,No,User_Identified,Peru,7/18/2016 4:53,0,NO_CLICK
38.6,49,46931.03,110.84,No,Female,Belarus,7/1/2016 1:12,1,CLICK
91.1,40,55499.69,259.78,No,Male,Bolivia,3/7/2016 22:51,0,NO_CLICK
65.6,23,75805.12,149.21,No,Female,Benin,5/2/2016 15:31,1,CLICK
52.6,23,40345.49,267.78,No,Female,Wallis and Futuna,7/23/2016 6:18,1,CLICK
64.63,45,15598.29,172.78,No,Male,Azerbaijan,6/12/2016 3:11,1,CLICK
58.6,28,33239.2,135.78,No,User_Identified,Mongolia,2/15/2016 20:41,1,CLICK
76.07,36,68033.54,174.78,No,User_Identified,Denmark,1/23/2016 1:42,0,NO_CLICK
47.6,22,38427.66,263.78,No,Female,Russian Federation,2/26/2016 1:18,0,NO_CLICK
78.35,46,53185.34,253.48,No,Female,Brazil,1/11/2016 2:07,0,NO_CLICK
46.14,28,39723.97,189.78,No,Male,Ethiopia,4/4/2016 13:56,1,CLICK
49.6,41,43386.07,191.78,No,Female,Guyana,1/14/2016 9:27,1,CLICK
47.6,28,53922.43,236.78,No,Male,Ethiopia,4/25/2016 3:18,1,CLICK
49.6,49,71881.84,124.78,No,Female,Mauritius,3/5/2016 23:02,0,NO_CLICK
53.6,29,47139.21,155.78,No,Female,Djibouti,1/6/2016 21:43,0,NO_CLICK
83.66,38,68877.02,175.14,No,Female,Syrian Arab Republic,2/18/2016 3:58,0,NO_CLICK
84.6,33,65186.58,263.78,No,Male,Saint Martin,4/16/2016 14:15,0,NO_CLICK
52.6,33,55424.24,224.07,No,Male,Netherlands Antilles,2/24/2016 6:18,0,NO_CLICK
46.6,46,46500.11,239.78,No,Female,Greece,6/29/2016 1:19,1,CLICK
55.6,26,58820.16,224.2,No,User_Identified,Madagascar,1/5/2016 6:34,0,NO_CLICK
52.84,47,28495.21,212.78,No,Female,Senegal,7/16/2016 10:14,1,CLICK
44.6,40,61840.26,108.78,No,Male,Burkina Faso,6/17/2016 3:23,0,NO_CLICK
58.6,46,37908.29,230.78,No,Male,Czech Republic,6/13/2016 11:06,0,NO_CLICK
64.6,39,69805.7,201.29,No,Female,Lao People's Democratic Republic,4/5/2016 8:18,1,CLICK
82.6,26,60315.19,268.78,No,Male,Netherlands Antilles,4/17/2016 18:38,0,NO_CLICK
34.6,49,67323,218.78,No,Female,Qatar,2/3/2016 16:54,1,CLICK
67.6,26,50055.33,174.78,No,Male,Andorra,4/18/2016 21:07,0,NO_CLICK
79.6,50,43573.66,122.45,No,Male,Liechtenstein,6/18/2016 22:31,1,CLICK
71.03,55,28186.65,150.77,No,User_Identified,China,3/12/2016 7:18,1,CLICK
84.6,33,66412.04,186.78,No,Female,Vietnam,1/15/2016 1:20,1,CLICK
58.05,46,15879.1,195.54,No,Male,Tajikistan,2/12/2016 10:39,1,CLICK
75,29,63965.16,230.36,No,Male,Eritrea,2/16/2016 2:29,0,NO_CLICK
79.61,36,58342.63,235.97,No,Female,Monaco,4/4/2016 21:23,0,NO_CLICK
52.56,31,33147.19,250.36,No,Male,Israel,4/24/2016 1:48,1,CLICK
89.6,26,65899.68,197.78,No,Female,Hungary,5/20/2016 0:00,1,CLICK
78.6,26,64188.5,201.54,No,Female,Singapore,5/15/2016 3:10,0,NO_CLICK
39.6,61,58966.22,105.78,No,Male,Cuba,1/7/2016 23:02,1,CLICK
36.6,33,44078.24,110.78,No,Female,Reunion,7/19/2016 12:05,1,CLICK
49.96,55,60968.62,147.78,No,User_Identified,Zambia,4/4/2016 0:02,1,CLICK
77.44,28,65620.25,210.39,No,Female,Gabon,6/10/2016 4:21,0,NO_CLICK
82.58,38,65496.78,158.78,No,Male,Dominica,3/11/2016 14:50,0,NO_CLICK
44.6,21,52462.04,262.78,No,Male,Bahamas,1/14/2016 20:58,1,CLICK
47.23,38,70582.55,149.8,No,Male,Tokelau,6/22/2016 5:22,1,CLICK
76.6,50,51816.27,111.78,No,Female,Turkmenistan,3/19/2016 8:00,0,NO_CLICK
65.57,46,23410.75,211.78,No,Female,Belgium,4/15/2016 15:07,1,CLICK
82.6,26,62729.4,237.78,No,Male,French Guiana,3/28/2016 2:29,0,NO_CLICK
57.6,30,48867.67,139.78,No,Male,Martinique,1/22/2016 15:03,1,CLICK
41.6,36,50971.73,184.78,No,Male,French Polynesia,6/25/2016 17:33,1,CLICK
86.6,28,67990.84,216.78,No,Female,Ecuador,3/4/2016 14:33,0,NO_CLICK
65.6,34,43241.19,262.78,No,Female,Puerto Rico,6/29/2016 2:48,1,CLICK
47.6,33,60082.66,226.69,No,Male,United Arab Emirates,6/18/2016 1:42,0,NO_CLICK
48.6,56,65180.97,225.78,No,Male,Burkina Faso,1/31/2016 9:57,1,CLICK
73.27,57,67301.39,175.78,No,Male,Luxembourg,5/22/2016 15:17,0,NO_CLICK
74.58,40,70701.31,230.52,No,Female,Jamaica,7/22/2016 11:05,1,CLICK
80.6,31,60997.84,241.78,No,Male,Antarctica (the territory South of 60 deg S),7/13/2016 14:05,0,NO_CLICK
87.16,33,60805.93,167.78,No,Female,China,2/11/2016 11:50,0,NO_CLICK
57.6,37,50711.68,207.78,No,Male,Western Sahara,3/16/2016 20:33,0,NO_CLICK
66.26,33,14548.06,179.04,No,Male,Lebanon,4/25/2016 19:31,1,CLICK
71.6,29,41335.84,175.78,No,Female,Hong Kong,7/14/2016 22:43,1,CLICK
64.6,33,76480.16,198.86,No,Male,Vanuatu,5/30/2016 8:02,1,CLICK
82.6,38,67132.46,244.23,No,Female,Vanuatu,2/14/2016 11:36,0,NO_CLICK
73.6,54,52581.16,180.78,No,Female,Guatemala,1/23/2016 21:15,0,NO_CLICK
62.6,21,55195.61,237.78,No,Female,Greenland,7/18/2016 2:51,0,NO_CLICK
86.76,44,48679.54,127.78,No,User_Identified,Syrian Arab Republic,2/10/2016 8:21,0,NO_CLICK
44.6,32,63109.74,233.78,No,Female,Saint Helena,1/4/2016 6:37,0,NO_CLICK
79.6,19,44490.09,197.93,No,Male,Lebanon,6/5/2016 21:38,1,CLICK
46.6,54,57667.99,132.27,No,Female,Malta,6/1/2016 3:17,1,CLICK
87.27,30,51824.01,181.78,No,Male,Christmas Island,3/6/2016 6:51,1,CLICK
88.6,54,66198.66,190.78,No,Female,Ukraine,2/26/2016 19:35,0,NO_CLICK
42.6,40,73174.19,219.55,No,Female,Malta,7/13/2016 14:30,0,NO_CLICK
77.6,47,56593.8,163.78,No,Male,Italy,6/29/2016 7:20,0,NO_CLICK
71.33,31,31072.44,178.78,No,Female,Japan,3/15/2016 6:54,1,CLICK
50.6,41,66773.83,179.78,No,Female,Mauritius,6/11/2016 6:47,0,NO_CLICK
41.6,48,72553.94,167.78,No,Male,Turkey,7/17/2016 13:22,1,CLICK
81.6,57,43708.88,161.78,No,Female,Namibia,2/14/2016 14:38,1,CLICK
45.44,25,48453.55,119.27,No,Female,China,5/4/2016 5:01,1,CLICK
67.6,31,73413.87,257.78,No,Male,Netherlands,5/20/2016 12:17,0,NO_CLICK
72.6,27,58114.3,158.29,No,Male,Gibraltar,1/26/2016 2:47,0,NO_CLICK
49.42,34,45465.25,128,No,Male,Congo,7/7/2016 18:07,1,CLICK
57.6,21,50147.72,246.78,No,Male,Senegal,1/11/2016 12:46,0,NO_CLICK
79.6,38,61004.51,135.78,No,Female,Hungary,5/12/2016 12:11,1,CLICK
33.6,35,53898.89,154.78,No,Male,Pitcairn Islands,2/28/2016 23:21,1,CLICK
85.01,29,59797.64,260.78,No,Female,Slovakia (Slovak Republic),5/3/2016 16:02,0,NO_CLICK
68.95,51,74623.27,185.85,No,Male,United States Virgin Islands,3/15/2016 20:19,0,NO_CLICK
51.6,29,58677.69,177.78,No,Female,Monaco,7/23/2016 5:21,1,CLICK
48.6,34,62109.8,246.06,No,Female,Portugal,3/11/2016 10:01,0,NO_CLICK
43.07,36,60583.02,137.63,No,Male,Turkey,2/11/2016 20:45,1,CLICK
88.6,43,65576.05,216.78,No,Male,Uganda,7/6/2016 23:09,1,CLICK
82.6,40,73882.91,117.78,No,Female,Norfolk Island,3/22/2016 19:14,0,NO_CLICK
55.6,25,50468.36,198.78,No,Male,Niue,5/26/2016 13:28,0,NO_CLICK
33.6,34,51409.45,234.75,No,User_Identified,Ukraine,6/18/2016 19:10,0,NO_CLICK
67.47,60,60514.05,225.05,No,Male,Vanuatu,3/20/2016 7:12,0,NO_CLICK
69.6,30,57195.96,231.91,No,User_Identified,United States Minor Outlying Islands,6/3/2016 7:00,0,NO_CLICK
64.6,34,52802.58,194.78,No,Male,Armenia,2/3/2016 15:15,0,NO_CLICK
41.6,28,56570.06,147.78,No,Male,Sweden,5/3/2016 16:55,0,NO_CLICK
88.6,19,51049.47,190.17,No,Male,Timor-Leste,6/20/2016 2:25,0,NO_CLICK
72.6,35,66629.61,250.2,No,Male,French Southern Territories,7/10/2016 19:15,0,NO_CLICK
86.6,35,70185.06,194.95,No,Female,Finland,1/4/2016 4:00,1,CLICK
71.6,57,43111.41,205.78,No,Male,Saint Vincent and the Grenadines,4/20/2016 16:49,1,CLICK
56.57,31,56435.6,223.78,No,Female,Senegal,1/23/2016 13:14,1,CLICK
83.91,29,53223.58,214.78,No,Female,Burundi,1/4/2016 22:27,0,NO_CLICK
90.6,28,57179.91,229.88,No,User_Identified,Bahamas,4/8/2016 22:40,0,NO_CLICK
71.23,52,41521.28,122.59,No,Female,Sweden,1/5/2016 11:53,1,CLICK
47.23,22,73538.09,254.78,No,Male,Svalbard & Jan Mayen Islands,3/17/2016 22:24,1,CLICK
45.6,30,63664.32,149.78,No,Female,Tonga,6/29/2016 4:23,0,NO_CLICK
63.6,38,61757.12,200.78,No,Male,Korea,5/25/2016 19:45,0,NO_CLICK
44.6,28,71727.51,218.78,No,Female,Kyrgyz Republic,6/17/2016 23:19,0,NO_CLICK
64.6,24,72203.96,167.78,No,Male,Costa Rica,4/24/2016 7:20,1,CLICK
65.6,37,50671.6,105.86,No,Male,Liechtenstein,3/18/2016 13:00,1,CLICK
36.6,29,47510.42,230.78,No,Female,Zimbabwe,4/28/2016 21:58,1,CLICK
52.6,50,62466.1,149.78,No,Female,Costa Rica,2/12/2016 8:46,1,CLICK
45.6,49,59683.16,248.51,No,Female,Hungary,7/11/2016 13:23,1,CLICK
49.13,32,41097.17,251.78,No,Female,Fiji,1/29/2016 0:45,1,CLICK
76.6,50,39799.73,149.78,No,Female,Netherlands,1/5/2016 16:26,0,NO_CLICK
78.6,42,76984.21,164.02,No,Female,Sweden,6/20/2016 8:22,0,NO_CLICK
61.82,59,57877.15,247.78,No,Male,Barbados,2/6/2016 17:48,1,CLICK
56.6,48,59047.91,156.78,No,User_Identified,Paraguay,6/22/2016 17:19,0,NO_CLICK
70.61,28,72154.68,190.12,No,Female,Italy,4/16/2016 5:24,0,NO_CLICK
37.6,22,65704.79,148.78,No,Female,Belarus,1/17/2016 5:07,0,NO_CLICK
43.6,42,72948.76,212.59,No,Female,South Georgia and the South Sandwich Islands,7/8/2016 22:30,0,NO_CLICK
40.6,34,73941.91,269.78,No,Male,Anguilla,3/11/2016 0:05,0,NO_CLICK
71.6,37,57887.64,219.78,No,Female,Sierra Leone,6/10/2016 0:35,1,CLICK
48.86,35,62463.7,128.37,No,Male,Saint Martin,1/4/2016 0:44,1,CLICK
52.6,25,42838.29,183.78,No,Female,Uganda,1/1/2016 15:14,1,CLICK
61.6,32,43778.88,118.78,No,Male,Saudi Arabia,7/10/2016 17:24,1,CLICK
36.6,40,71157.05,249.78,No,Female,Greenland,3/27/2016 19:50,1,CLICK
72.94,31,74159.69,190.84,No,Female,Venezuela,4/29/2016 13:38,0,NO_CLICK
53.63,54,50333.72,167.78,No,Male,Liberia,1/8/2016 18:13,1,CLICK
52.35,30,33293.78,182.78,No,Male,Mali,6/5/2016 7:54,0,NO_CLICK
80.6,51,38641.2,206.78,No,Male,Bosnia and Herzegovina,6/29/2016 10:50,1,CLICK
51.58,33,49822.78,118.78,No,Female,Brunei Darussalam,4/24/2016 13:46,1,CLICK
69.6,29,63891.29,187.09,No,Male,South Georgia and the South Sandwich Islands,2/14/2016 4:14,1,CLICK
55.04,53,43881.73,204.78,No,Male,Czech Republic,6/15/2016 5:43,1,CLICK
58.6,41,13996.5,171.54,No,Male,El Salvador,7/6/2016 12:04,1,CLICK
69.6,27,48761.14,154.78,No,Male,Tokelau,3/31/2016 13:54,0,NO_CLICK
82.6,30,69758.31,231.78,No,Female,France,6/21/2016 0:52,0,NO_CLICK
35.6,19,52530.1,235.78,No,User_Identified,Gabon,5/27/2016 5:23,0,NO_CLICK
72.6,52,58363.12,213.96,No,Female,Bulgaria,1/17/2016 18:45,0,NO_CLICK
86.6,60,60575.99,215.78,No,Male,Burkina Faso,4/7/2016 20:34,1,CLICK
72.6,45,48206.04,154.78,No,Female,Mayotte,5/2/2016 18:37,1,CLICK
43.88,54,31523.09,184.78,No,Male,Somalia,6/4/2016 17:24,1,CLICK
49.6,26,66187.58,223.78,No,Female,Albania,4/7/2016 18:52,1,CLICK
72.18,30,69438.04,228.78,No,Female,Bolivia,6/10/2016 22:21,0,NO_CLICK
76.6,44,14775.5,160.78,No,Female,Jersey,5/19/2016 6:37,1,CLICK
80.55,35,68016.9,139.78,No,Female,British Virgin Islands,3/28/2016 23:01,0,NO_CLICK
83.6,41,78520.99,268.78,No,Male,Saint Helena,1/21/2016 22:51,1,CLICK
89.6,36,31998.72,147.78,No,Male,Bosnia and Herzegovina,3/12/2016 6:05,1,CLICK
80.46,29,56909.3,230.78,No,Female,India,6/4/2016 9:13,1,CLICK
55.6,41,61161.29,267.78,No,Male,Georgia,5/24/2016 10:16,0,NO_CLICK
35.21,51,52340.1,254.78,No,Male,United States Minor Outlying Islands,3/25/2016 6:36,1,CLICK
36.37,40,47338.94,144.53,No,Male,Kiribati,4/22/2016 0:28,1,CLICK
74.07,22,50950.24,149.78,No,Male,Ghana,3/22/2016 4:13,0,NO_CLICK
40.6,53,77143.61,197.66,No,Female,Samoa,1/14/2016 8:27,1,CLICK
88.6,29,57032.36,260.78,No,Female,Iran,4/14/2016 21:37,1,CLICK
40.88,31,48554.45,119.78,No,Male,Costa Rica,5/31/2016 17:50,1,CLICK
90.6,31,39552.49,232.78,No,Male,Northern Mariana Islands,3/17/2016 6:25,1,CLICK
35.49,47,36884.23,172.78,No,Female,Liechtenstein,4/13/2016 7:07,1,CLICK
56.56,26,68783.45,127.78,No,Male,Grenada,2/3/2016 22:11,0,NO_CLICK
36.62,48,51119.93,269.78,No,Male,Poland,2/2/2016 19:59,1,CLICK
49.35,49,44304.13,187.78,No,Female,Kenya,4/7/2016 20:38,1,CLICK
78.6,59,69718.19,132.78,No,Male,Iran,3/15/2016 19:35,0,NO_CLICK
84.6,27,63429.18,198.79,No,User_Identified,Belgium,3/11/2016 12:39,0,NO_CLICK
77.05,29,65756.36,197.78,No,Female,Namibia,5/17/2016 18:06,1,CLICK
35.6,46,77871.75,196.17,No,Male,Cyprus,2/28/2016 23:10,0,NO_CLICK
59.6,58,47258.59,151.78,No,Male,Japan,3/2/2016 6:35,0,NO_CLICK
82.6,41,55984.89,155.78,No,Male,Zimbabwe,2/27/2016 8:52,1,CLICK
70.6,34,44275.13,150.78,No,Male,Andorra,3/14/2016 4:34,1,CLICK
47.6,50,25767.16,183.78,No,Female,Luxembourg,3/10/2016 15:07,1,CLICK
78.6,49,37605.11,139.32,No,Female,Cyprus,5/1/2016 8:27,1,CLICK
48.6,41,25739.09,225.78,No,Male,Turkey,6/12/2016 11:17,1,CLICK
63.6,28,60188.38,228.78,No,Male,Hong Kong,5/28/2016 12:20,0,NO_CLICK
52.6,40,67682.32,262.78,No,User_Identified,Netherlands,3/18/2016 9:08,1,CLICK
71.6,44,44307.18,189.78,No,Female,United States Virgin Islands,5/26/2016 6:03,1,CLICK
43.16,35,25371.52,216.78,No,Male,Marshall Islands,7/6/2016 3:40,1,CLICK
33.6,43,23942.61,127.2,No,Female,Western Sahara,4/29/2016 14:10,0,NO_CLICK
69.6,29,50666.5,175.78,No,Male,Saint Vincent and the Grenadines,3/5/2016 20:53,1,CLICK
79.89,30,50356.06,241.38,No,Male,United States of America,5/30/2016 8:35,0,NO_CLICK
64.6,54,63936.5,260.78,No,Male,Angola,4/10/2016 6:32,0,NO_CLICK
63.6,28,69874.18,179.78,No,Female,Cayman Islands,1/20/2016 2:31,1,CLICK
33.6,34,50038.65,146.78,No,Female,Swaziland,7/20/2016 21:53,0,NO_CLICK
75.6,39,67866.95,166.78,No,Male,Wallis and Futuna,1/17/2016 4:12,0,NO_CLICK
49.6,48,54645.2,159.69,No,Female,Zimbabwe,2/24/2016 7:13,1,CLICK
40.6,32,46780.09,187.78,No,Female,Chad,3/26/2016 19:37,1,CLICK
85.6,34,67432.49,128.78,No,Female,Saint Martin,6/4/2016 9:25,0,NO_CLICK
79.6,39,73392.28,147.78,No,User_Identified,Rwanda,4/22/2016 7:48,0,NO_CLICK
54.6,38,47682.28,105.71,No,Female,Moldova,3/31/2016 8:53,1,CLICK
71.6,31,56735.83,232.21,No,Female,Gabon,4/16/2016 8:36,0,NO_CLICK
32.6,30,51013.37,269.78,No,User_Identified,Denmark,5/12/2016 20:57,1,CLICK
79.09,32,69481.85,173.78,No,Male,Svalbard & Jan Mayen Islands,5/7/2016 21:32,1,CLICK
43.6,28,67033.34,156.78,No,Female,Poland,6/25/2016 0:33,0,NO_CLICK
83.69,36,68717,138.78,No,User_Identified,Fiji,3/23/2016 5:27,0,NO_CLICK
66.6,31,59340.99,222.72,No,Male,Philippines,3/4/2016 13:47,1,CLICK
43.49,45,47968.32,124.67,No,Female,Vietnam,6/14/2016 12:08,1,CLICK
85.6,35,48758.92,193.78,No,Female,Jersey,5/11/2016 19:13,1,CLICK
52.6,49,61230.03,229.78,No,Male,Indonesia,1/21/2016 23:33,1,CLICK
84.6,30,54755.71,255.78,No,User_Identified,Palestinian Territory,1/15/2016 19:45,1,CLICK
50.6,34,54324.73,203.78,No,Male,Latvia,4/23/2016 9:42,0,NO_CLICK
87.6,42,52177.4,220.78,No,Male,Malta,5/23/2016 8:06,1,CLICK
63.6,33,51163.14,124.61,No,Male,Afghanistan,2/27/2016 15:04,0,NO_CLICK
82.6,27,66861.67,225.97,No,Female,Austria,2/23/2016 17:37,0,NO_CLICK
90.6,34,63107.88,254.94,No,Male,Micronesia,3/17/2016 22:59,1,CLICK
32.6,41,49206.4,178.78,No,Female,Mexico,2/28/2016 3:34,1,CLICK
74.6,49,55942.04,117.33,No,Male,Chile,3/15/2016 14:33,1,CLICK
63.6,49,33601.84,214.78,No,Male,Cuba,3/3/2016 20:20,0,NO_CLICK
55.6,46,48867.36,107.56,No,Male,Belarus,4/6/2016 14:16,1,CLICK
67.6,40,56683.32,179.78,No,Female,Malawi,5/1/2016 9:23,1,CLICK
78.6,43,38260.89,240.78,No,Female,Afghanistan,5/30/2016 8:02,1,CLICK
53.6,23,54106.21,199.29,No,Female,Luxembourg,4/4/2016 11:39,0,NO_CLICK
74.61,50,71055.22,161.78,No,Male,South Africa,4/6/2016 23:10,0,NO_CLICK
89.18,37,46403.18,263.78,No,Male,Nepal,4/26/2016 21:45,0,NO_CLICK
58.6,29,61690.93,143.78,No,User_Identified,Spain,5/25/2016 0:34,1,CLICK
75.6,37,26130.93,234.78,No,Male,Hong Kong,2/11/2016 16:45,0,NO_CLICK
51.6,36,58638.75,169.1,No,User_Identified,Slovakia (Slovak Republic),1/30/2016 0:05,0,NO_CLICK
70.39,32,47357.39,244.78,No,Male,Cayman Islands,7/12/2016 10:56,0,NO_CLICK
43.6,52,50086.17,140.78,No,Male,Uganda,4/23/2016 3:46,1,CLICK
79.6,33,51772.58,250.11,No,Male,Vanuatu,4/16/2016 10:36,0,NO_CLICK
54.6,35,47638.3,225.78,No,Male,Anguilla,3/11/2016 13:07,1,CLICK
82.6,50,38987.42,166.78,No,Male,Switzerland,3/2/2016 15:39,1,CLICK
32.6,26,51363.16,190.78,No,Male,Zimbabwe,7/13/2016 21:31,0,NO_CLICK
52.6,34,35764.49,183.78,No,Female,Uruguay,5/29/2016 18:12,1,CLICK
50.87,24,62939.5,190.41,No,Female,Liberia,5/10/2016 17:13,1,CLICK
46.6,30,58776.67,223.2,No,Male,Egypt,5/7/2016 8:39,0,NO_CLICK
46.6,25,59106.12,195.78,No,User_Identified,Greece,1/17/2016 13:27,0,NO_CLICK
37.65,51,50457.01,161.29,No,Male,Bahrain,3/9/2016 6:22,1,CLICK
53.6,43,54251.78,124.78,No,Male,Sri Lanka,4/5/2016 18:02,1,CLICK
50.6,45,51920.49,131.78,No,Male,Kazakhstan,4/1/2016 7:37,1,CLICK
68.25,40,70324.8,243.78,No,Female,Greenland,2/15/2016 16:18,0,NO_CLICK
81.32,25,52416.18,248.78,No,Female,Moldova,3/8/2016 5:12,0,NO_CLICK
54.6,39,66217.31,241.5,No,User_Identified,Poland,2/9/2016 23:38,0,NO_CLICK
48.6,50,60938.73,138.78,No,Male,Anguilla,6/17/2016 9:38,0,NO_CLICK
39.6,33,40243.82,149.78,No,Male,Central African Republic,6/1/2016 12:27,1,CLICK
58.6,19,60151.77,177.78,No,Male,Mexico,2/26/2016 23:44,0,NO_CLICK
87.6,40,45945.88,180.78,No,Female,Togo,3/11/2016 9:58,0,NO_CLICK
80.6,54,63430.33,234.78,No,Male,Armenia,4/28/2016 2:55,0,NO_CLICK
82.41,47,65882.81,186.78,No,Female,Nicaragua,4/12/2016 4:22,0,NO_CLICK
43.6,27,64410.8,196.78,No,Male,Eritrea,2/10/2016 20:43,1,CLICK
56.6,27,55677.12,212.78,No,Female,Canada,5/1/2016 23:21,0,NO_CLICK
70.05,30,75560.65,203.44,No,User_Identified,Croatia,3/24/2016 17:48,0,NO_CLICK
32.6,32,61067.58,219.78,No,Male,Switzerland,4/22/2016 19:45,0,NO_CLICK
70.6,41,72330.57,167.26,No,Female,Yemen,3/9/2016 12:10,0,NO_CLICK
89.6,29,32549.95,125.78,No,Female,Tokelau,3/30/2016 5:29,1,CLICK
56.6,44,51257.26,225.78,No,Female,Armenia,1/24/2016 13:41,1,CLICK
50.6,45,77220.42,187.03,No,Male,Equatorial Guinea,7/15/2016 9:42,0,NO_CLICK
85.6,56,52520.75,113.78,No,Female,Barbados,6/7/2016 5:41,0,NO_CLICK
39.6,22,59422.47,160.78,No,Female,American Samoa,5/31/2016 23:32,1,CLICK
74.6,33,22456.04,241.78,No,Male,Saint Lucia,5/14/2016 14:49,1,CLICK
79.18,31,58443.99,136.78,No,Female,Algeria,1/10/2016 20:18,0,NO_CLICK
85.6,29,50820.74,240.78,No,Male,Turkmenistan,2/21/2016 16:57,0,NO_CLICK
68.6,30,67575.12,158.81,No,Female,Mayotte,5/23/2016 0:32,0,NO_CLICK
33.6,39,66522.79,257.78,No,Male,South Africa,7/21/2016 20:30,0,NO_CLICK
40.6,45,34903.67,138.78,No,Female,Macao,5/15/2016 18:44,1,CLICK
52.6,54,43073.78,140.95,No,Male,France,6/30/2016 0:43,0,NO_CLICK
43.6,44,57594.7,132.78,No,Male,Equatorial Guinea,2/24/2016 6:17,1,CLICK
43.6,19,66027.31,219.78,No,Male,Mali,5/30/2016 21:22,1,CLICK
54.08,36,53012.94,111.02,No,Male,Mayotte,6/2/2016 4:14,0,NO_CLICK
51.6,32,61117.5,159.78,No,Female,Pakistan,4/18/2016 7:00,0,NO_CLICK
54.39,27,52563.22,208.78,No,Male,Guadeloupe,2/29/2016 18:06,1,CLICK
87.6,47,65773.49,222.78,No,Female,Denmark,5/27/2016 12:45,1,CLICK
73.6,25,50506.44,241.36,No,User_Identified,New Zealand,1/12/2016 21:17,0,NO_CLICK
58.6,36,66262.59,194.56,No,Male,Netherlands Antilles,1/27/2016 17:08,0,NO_CLICK
80.99,26,35521.88,128.78,No,Male,Belarus,6/10/2016 3:56,0,NO_CLICK
78.84,58,62430.55,195.78,No,Male,Taiwan,4/9/2016 9:26,0,NO_CLICK
60.6,37,49597.08,265.78,No,Female,El Salvador,2/26/2016 6:00,1,CLICK
47.6,37,42078.89,223.78,No,Female,Taiwan,2/21/2016 23:07,1,CLICK
49.6,45,46197.59,151.72,No,Female,Peru,4/29/2016 14:08,0,NO_CLICK
50.78,51,49957,249.78,No,Female,Liberia,2/11/2016 17:02,1,CLICK
34.6,38,24078.93,199.78,No,Female,Burundi,7/22/2016 7:44,1,CLICK
45.62,43,53647.81,158.78,No,Female,Macao,6/26/2016 2:34,1,CLICK
62.6,30,61039.13,119.78,No,Female,Venezuela,5/14/2016 23:08,0,NO_CLICK
73.6,26,46974.15,184.78,No,Female,Luxembourg,5/24/2016 10:04,0,NO_CLICK
38.6,33,53042.51,168.78,No,User_Identified,Italy,2/16/2016 12:05,0,NO_CLICK
39.6,50,48826.14,187.78,No,Female,San Marino,3/20/2016 2:44,1,CLICK
53.6,31,58287.86,193.6,No,Female,Madagascar,1/31/2016 5:12,1,CLICK
72.6,50,21773.22,146.78,No,Female,Norfolk Island,4/1/2016 5:17,1,CLICK
43.6,24,52252.91,226.49,No,Female,Vanuatu,2/25/2016 16:33,0,NO_CLICK
42.84,52,27073.27,267.78,No,Male,Tunisia,3/21/2016 11:02,1,CLICK
33.6,47,50628.31,174.78,No,Female,Paraguay,2/12/2016 5:20,1,CLICK
34.96,23,36913.51,160.49,No,Male,Macedonia,6/1/2016 16:10,1,CLICK
32.6,37,61009.1,247.78,No,Male,Heard Island and McDonald Islands,6/16/2016 3:17,0,NO_CLICK
41.86,39,53041.77,237.78,No,Male,Ethiopia,3/26/2016 15:28,1,CLICK
34.04,34,40182.84,253.78,No,Male,El Salvador,2/16/2016 7:37,1,CLICK
49.6,27,59419.78,182.78,No,Male,Niger,2/28/2016 9:31,1,CLICK
64.6,31,58235.21,172.78,No,Male,Timor-Leste,5/18/2016 1:00,1,CLICK
62.6,51,68324.48,246.78,No,Male,Uruguay,2/21/2016 13:11,0,NO_CLICK
51.6,45,69646.35,181.25,No,Male,Somalia,1/5/2016 12:59,0,NO_CLICK
81.05,34,54045.39,188.78,No,Female,Malaysia,5/18/2016 0:07,0,NO_CLICK
69.6,56,57806.03,265.78,No,Male,Korea,3/6/2016 23:26,1,CLICK
45.48,49,53336.76,269.78,No,Male,Lao People's Democratic Republic,5/19/2016 4:23,1,CLICK
39.6,56,50491.45,149.53,No,Female,Bahamas,4/29/2016 20:40,1,CLICK
40.6,51,71455.62,153.12,No,User_Identified,Guyana,5/3/2016 1:09,1,CLICK
82.6,45,43241.88,150.79,No,Female,Ethiopia,6/27/2016 21:51,0,NO_CLICK
65.6,22,58953.01,130.78,No,Female,Bosnia and Herzegovina,2/8/2016 7:33,0,NO_CLICK
91.15,38,36834.04,184.98,No,User_Identified,Cyprus,2/22/2016 7:04,0,NO_CLICK
60.6,56,66345.1,155.78,No,Female,Singapore,3/21/2016 8:13,0,NO_CLICK
42.6,45,38645.4,205.78,No,User_Identified,Dominican Republic,5/31/2016 0:58,1,CLICK
36.6,36,60803,239.94,No,Female,Bermuda,1/1/2016 5:31,0,NO_CLICK
41.6,34,33553.9,108.78,No,Female,Jamaica,5/27/2016 8:53,1,CLICK
35.6,38,63071.34,116.19,No,Female,Saint Barthelemy,5/9/2016 7:13,1,CLICK
73.6,34,46737.34,242.78,No,Male,Albania,6/27/2016 1:56,1,CLICK
45.6,33,55368.67,248.78,No,Male,Mozambique,6/3/2016 4:51,0,NO_CLICK
50.6,36,68305.91,160.78,No,Female,Zimbabwe,2/24/2016 0:44,0,NO_CLICK
59.6,58,39211.49,269.78,No,Female,Georgia,3/5/2016 12:03,1,CLICK
89.6,48,65956.71,260.78,No,Female,Brazil,1/15/2016 22:49,1,CLICK
57.6,38,40159.2,147.78,No,Female,Syrian Arab Republic,2/12/2016 3:39,1,CLICK
89.6,19,40478.83,139.78,No,Male,Palestinian Territory,2/19/2016 20:49,0,NO_CLICK
44.72,46,40468.53,123.86,No,Male,Grenada,3/12/2016 2:48,1,CLICK
78.76,51,66980.27,248.78,No,Female,Ghana,7/23/2016 4:04,0,NO_CLICK
62.6,39,34942.26,262.78,No,Male,Brunei Darussalam,3/6/2016 9:33,1,CLICK
75.6,32,48335.2,145.73,No,Female,Lithuania,2/24/2016 4:11,1,CLICK
64.79,30,42251.59,171.78,No,User_Identified,Maldives,2/17/2016 20:22,1,CLICK
89.8,36,57330.43,198.24,No,Female,Lesotho,2/2/2016 4:57,0,NO_CLICK
50.6,34,75769.82,208.78,No,User_Identified,Czech Republic,1/27/2016 16:06,0,NO_CLICK
47.6,31,51812.71,154.77,No,Male,Iceland,5/24/2016 9:50,1,CLICK
59.01,20,75265.96,164.78,No,Male,Philippines,2/8/2016 22:45,1,CLICK
80.6,50,69868.48,178.78,No,Female,Cayman Islands,2/12/2016 1:55,1,CLICK
37.6,43,72802.42,138.46,No,Female,Haiti,1/11/2016 8:18,0,NO_CLICK
70.6,27,39193.45,162.46,No,Male,Colombia,3/3/2016 3:51,1,CLICK
62.79,36,18368.57,228.78,No,Male,Luxembourg,5/30/2016 20:08,1,CLICK
45.53,29,56129.89,141.58,No,Female,United Arab Emirates,4/22/2016 22:01,1,CLICK
88.6,25,58996.56,179.78,No,Female,Ireland,5/25/2016 10:39,1,CLICK
45.6,44,41547.62,171.78,No,Female,Canada,2/4/2016 3:10,1,CLICK
77.6,24,59240.24,172.57,No,Female,Svalbard & Jan Mayen Islands,2/21/2016 20:09,1,CLICK
78.6,46,56725.47,245.78,No,Female,Malta,4/28/2016 1:24,1,CLICK
59.6,29,55764.43,234.23,No,Male,Sudan,5/18/2016 19:33,0,NO_CLICK
43.6,25,64235.51,161.42,No,Male,Ecuador,2/17/2016 11:15,0,NO_CLICK
66.6,28,39939.39,266.78,No,Female,Senegal,6/19/2016 23:04,1,CLICK
85.6,26,63319.99,150.78,No,Female,Cambodia,2/20/2016 9:54,1,CLICK
70.09,38,54725.87,153.78,No,User_Identified,Belarus,1/22/2016 12:58,0,NO_CLICK
70.6,42,69775.75,247.05,No,Male,Guyana,2/19/2016 13:26,0,NO_CLICK
63.6,24,57545.56,233.85,No,Female,Mali,1/3/2016 7:13,0,NO_CLICK
55.6,50,47051.02,130.78,No,Female,Iran,1/3/2016 4:39,1,CLICK
49.6,52,51600.47,210.78,No,Male,Bulgaria,4/13/2016 13:04,1,CLICK
47.6,25,68357.96,188.32,No,Male,Afghanistan,1/1/2016 3:35,0,NO_CLICK
45.08,38,35349.26,199.78,No,Female,Liberia,3/27/2016 8:32,1,CLICK
86.6,27,69784.85,159.05,No,Female,Netherlands Antilles,7/10/2016 16:25,1,CLICK
71.6,29,50760.23,254.78,No,Female,Hong Kong,6/25/2016 4:21,1,CLICK
66.6,56,34418.09,132.07,No,Male,Palau,1/27/2016 14:41,1,CLICK
59.6,50,20592.99,116.78,No,Female,Malawi,5/16/2016 18:51,1,CLICK
80.87,28,63528.8,241.78,No,User_Identified,Uruguay,2/27/2016 20:20,0,NO_CLICK
63.6,40,44217.68,192.78,No,Male,Cyprus,2/28/2016 23:54,1,CLICK
46.6,48,47929.83,190.78,No,Male,Mexico,6/13/2016 6:11,1,CLICK
81.6,23,46024.29,114.78,No,User_Identified,Niger,5/5/2016 11:07,1,CLICK
32.6,31,51900.03,258.78,No,Male,France,7/7/2016 12:17,1,CLICK
70.6,30,72188.9,166.31,No,Female,Japan,5/24/2016 17:07,0,NO_CLICK
54.6,31,56974.51,238.78,No,Male,Norfolk Island,3/30/2016 14:36,0,NO_CLICK
67.26,57,25682.65,264.78,No,Male,Bulgaria,5/27/2016 5:54,1,CLICK
56.6,46,41884.64,141.78,No,Female,Uzbekistan,1/3/2016 16:30,1,CLICK
47.6,38,72196.29,140.77,No,Female,Mexico,6/25/2016 18:17,1,CLICK
58.6,43,54429.17,250.78,No,Male,Brunei Darussalam,2/24/2016 10:36,1,CLICK
66.47,31,58037.66,256.39,No,Male,France,3/3/2016 3:13,0,NO_CLICK
72.88,44,64011.26,267.78,No,Female,Yemen,4/21/2016 19:56,1,CLICK
76.6,47,59967.19,232.68,No,Male,Northern Mariana Islands,4/6/2016 17:26,0,NO_CLICK
85.6,38,43155.19,105.04,No,Male,Poland,3/23/2016 12:53,1,CLICK
72.6,35,51501.38,248.78,No,Male,Bahrain,2/17/2016 7:00,1,CLICK
33.6,31,55187.85,256.4,No,Female,Saint Pierre and Miquelon,6/26/2016 7:01,0,NO_CLICK
73.6,44,33813.08,225.78,No,Male,Tonga,4/20/2016 13:36,1,CLICK
78.6,47,36497.22,140.67,No,Male,Comoros,7/21/2016 16:02,1,CLICK
69.17,47,66193.81,167.78,No,Female,Montenegro,3/6/2016 11:36,1,CLICK
64.2,27,66200.96,193.78,No,Male,Isle of Man,2/11/2016 23:45,0,NO_CLICK
77.6,28,63126.96,180.78,No,Female,Mayotte,4/4/2016 3:57,1,CLICK
72.6,30,71384.57,208.58,No,Male,Lebanon,2/11/2016 21:49,1,CLICK
70.6,45,67782.17,209.78,No,Male,Bosnia and Herzegovina,4/22/2016 2:07,1,CLICK
36.6,51,42415.72,225.78,No,Male,Mongolia,2/1/2016 17:24,0,NO_CLICK
39.6,19,41920.79,215.78,No,Female,Guatemala,3/24/2016 2:35,0,NO_CLICK
66.6,20,29875.8,178.35,No,Female,Brazil,6/3/2016 21:43,1,CLICK
